IDAE -  ,,,,,,,,
Modelo,Clasificación Energética,Motorización,Categoría,MTMA (Kg),Consumo Eléctrico (kWh/100 km),Potencia eléctrica (kW),Autonomía eléctrica (km),Capacidad de la batería (kWh)
Abarth Abarth 500 BEV Nuevo Abarth 500e Scorpionissima 42kwh 113kw (154cv),,Eléctricos puros,M1,1410,18.1,113,253,42
Abarth Abarth 500 BEV Nuevo Abarth Cabrio 500e Scorpionissima 42kwh 113kw (154cv),,Eléctricos puros,M1,1435,18.8,113,242,42
AIWAYS U5 MAS861-WVTA/2WB/FL4,,Eléctricos puros,M1,2135,15.8,55,400,63
AIWAYS U6 PRIME,,Eléctricos puros,M1,2290,16,160,405,63
Audi Audi e-tron 55 quattro 300 kW Advanced/sport/Black line MY 20,,Eléctricos puros,M1,3130,245.8,300,381,
Audi Audi e-tron 55 quattro 300 kW MY 20,,Eléctricos puros,M1,3130,228.8,300,411,95
Audi Audi e-tron 55 quattro Advanced 300 kW MY 20,,Eléctricos puros,M1,3130,250.2,300,374,95
Audi Audi e-tron 55 quattro S line 300 kW MY 20,,Eléctricos puros,M1,3150,258.9,300,371,95
Audi Canarias Q4 e-tron 35 S line 125 kW (170 CV),,Eléctricos puros,M1,2475,17.9,125,325,55
Audi Canarias Q4 e-tron 35 Sport 125 kW (170 CV),,Eléctricos puros,M1,2475,17.4,125,335,55
Audi Canarias Q4 e-tron 40 S line 150 kW (204 CV),,Eléctricos puros,M1,2640,18.2,150,495,82
Audi Canarias Q4 e-tron 40 Sport 150 kW (204 CV),,Eléctricos puros,M1,2640,17.6,150,511,82
Audi Canarias Q4 e-tron 50 S line 220 kW (299 CV) quattro,,Eléctricos puros,M1,2720,18.7,220,469,82
Audi Canarias Q4 Sportback e-tron 35 S line 125 kW (170 CV),,Eléctricos puros,M1,2475,17.4,125,334,55
Audi Canarias Q4 Sportback e-tron 35 Sport 125 kW (170 CV),,Eléctricos puros,M1,2475,17.1,125,340,55
Audi Canarias Q4 Sportback e-tron 40 S line 150 kW (204 CV),,Eléctricos puros,M1,2640,17.5,150,512,82
Audi Canarias Q4 Sportback e-tron 40 Sport 150 kW (204 CV),,Eléctricos puros,M1,2640,17.2,150,521,82
Audi Canarias Q4 Sportback e-tron 50 S line 220 kW (299 CV) quattro,,Eléctricos puros,M1,2720,18.2,220,481,82
Audi e-tron 50 quattro 230 kW Advanced MY21,,Eléctricos puros,M1,3040,224,230,314,71
Audi e-tron 50 quattro 230 kW MY21,,Eléctricos puros,M1,3040,224,230,339,71
Audi e-tron 50 quattro 230 kW S line/Black line MY21,,Eléctricos puros,M1,3040,224,230,313,71
Audi e-tron 55 quattro 300 kW Advanced MY21,,Eléctricos puros,M1,3170,244,300,404,95
Audi e-tron 55 quattro 300 kW Advanced MY22,,Eléctricos puros,M1,3140,24.2,300,403,85
Audi e-tron 55 quattro 300 kW MY21,,Eléctricos puros,M1,3170,228,300,437,95
Audi e-tron 55 quattro 300 kW S line MY22,,Eléctricos puros,M1,3140,24.6,300,394,85
Audi e-tron 55 quattro 300 kW S line/Black line MY21,,Eléctricos puros,M1,3170,244,300,403,95
Audi e-tron e-tron S quattro 370 kW S MY22,,Eléctricos puros,M1,3280,27.2,370,360,85
Audi e-tron GT 60 quattro 350 kW (476 CV) e-tron GT MY23,,Eléctricos puros,M1,2840,20.1,350,492,86
Audi e-tron GT 60 quattro 350 kW (476 CV) e-tron GT MY24,,Eléctricos puros,M1,2840,20.1,350,492,86
Audi e-tron GT 60 quattro 350 kW e-tron GT MY22,,Eléctricos puros,M1,2840,20.2,350,482,85
Audi e-tron sportback 50 quattro 230 kW Advanced MY21,,Eléctricos puros,M1,3040,216,230,321,71
Audi e-tron sportback 50 quattro 230 kW MY21,,Eléctricos puros,M1,3040,216,230,346,71
Audi e-tron sportback 50 quattro 230 kW S line/Black Line MY21,,Eléctricos puros,M1,3040,216,230,323,71
Audi e-tron sportback 55 quattro 230 kW Advanced MY21,,Eléctricos puros,M1,3170,240,300,414,95
Audi e-tron sportback 55 quattro 300 kW MY21,,Eléctricos puros,M1,3170,224,300,446,95
Audi e-tron sportback 55 quattro 300 kW S line MY22,,Eléctricos puros,M1,3170,23.7,300,411,85
Audi e-tron sportback 55 quattro 300 kW S line/Black line MY21,,Eléctricos puros,M1,3170,238,300,415,95
Audi Q4 35 e-tron MY22 Básico/Advanced/S Line/Black Line,,Eléctricos puros,M1,2475,17.4,125,335,51.5
Audi Q4 40 e-tron MY22 Básico/Advanced/S Line/Black Line,,Eléctricos puros,M1,2640,17.9,150,503,76.6
Audi Q4 50 e-tron MY22 Advanced/S Line/Black Line,,Eléctricos puros,M1,2720,19.3,220,456,76.6
Audi Q4 e-tron 35 125 KW Advanced/ S line/Black line MY22,,Eléctricos puros,M1,2475,17.4,125,335,51.5
Audi Q4 e-tron 40 150 KW (204 CV) Advanced/ S line/Black line MY24,,Eléctricos puros,M1,2640,17,150,525,76.6
Audi Q4 e-tron 40 150 KW Advanced/ S line/Black line MY22,,Eléctricos puros,M1,2640,17.7,150,510,76.6
Audi Q4 e-tron 40 150 KW Advanced/ S line/Black line MY23,,Eléctricos puros,M1,2640,17.7,150,519,76.6
Audi Q4 e-tron 45 210 KW (282CV) Advanced MY24,,Eléctricos puros,M1,2660,16.6,210,533,77
Audi Q4 e-tron 45 210 KW (282CV) Black line MY24,,Eléctricos puros,M1,2660,17.1,210,518,77
Audi Q4 e-tron 45 210 KW (282CV) S line MY24,,Eléctricos puros,M1,2660,17,210,520,77
Audi Q4 e-tron 50 quattro 220 kW (299 CV) Advanced/ S line/Black line MY23,,Eléctricos puros,M1,2720,17.5,220,503,76.6
Audi Q4 e-tron 50 quattro 220 kW (299 CV) Advanced/ S line/Black line MY24,,Eléctricos puros,M1,2720,17.5,220,508,76.6
Audi Q4 e-tron 50 quattro 220 KW S line/Black line MY22,,Eléctricos puros,M1,2720,19.3,220,456,76.6
Audi Q4 e-tron 55 quattro 250 KW (335CV) Advanced MY24,,Eléctricos puros,M1,2750,17.1,250,514,77
Audi Q4 e-tron 55 quattro 250 KW (335CV) Black line MY24,,Eléctricos puros,M1,2750,17.6,250,502,77
Audi Q4 e-tron 55 quattro 250 KW (335CV) S line MY24,,Eléctricos puros,M1,2750,17.5,250,504,77
Audi Q4 Sportback 35 e-tron MY22 Básico/Advanced/S Line/Black Line,,Eléctricos puros,M1,2475,18,125,323,51.5
Audi Q4 Sportback 50 e-tron MY22 Advanced/S Line/Black Line,,Eléctricos puros,M1,2720,17.9,220,488,76.6
Audi Q4 Sportback e-tron 35 125 KW Advanced/ S line/Black line MY22,,Eléctricos puros,M1,2475,18.1,125,323,51.5
Audi Q4 Sportback e-tron 40 150 KW (204 CV) Advanced/ S line/Black line MY23,,Eléctricos puros,M1,2625,17,150,519,76.6
Audi Q4 Sportback e-tron 40 150 KW (204 CV) Advanced/ S line/Black line MY24,,Eléctricos puros,M1,2625,17,150,538,76.6
Audi Q4 Sportback e-tron 40 150 KW Advanced/ S line/Black line MY22,,Eléctricos puros,M1,2625,18.1,150,499,76.6
Audi Q4 Sportback e-tron 45 210 KW (282CV) Advanced MY24,,Eléctricos puros,M1,2660,16.1,210,548,77
Audi Q4 Sportback e-tron 45 210 KW (282CV) Black line MY24,,Eléctricos puros,M1,2660,16.5,210,538,77
Audi Q4 Sportback e-tron 45 210 KW (282CV) S line MY24,,Eléctricos puros,M1,2660,16.4,210,541,77
Audi Q4 Sportback e-tron 50 quattro 220 KW (299 CV) Advanced/ S line/Black line MY22,,Eléctricos puros,M1,2475,17.7,220,497,76.6
Audi Q4 Sportback e-tron 50 quattro 220 KW (299 CV) Advanced/ S line/Black line MY23,,Eléctricos puros,M1,2475,17.1,220,512,76.6
Audi Q4 Sportback e-tron 50 quattro 220 KW (299 CV) Advanced/ S line/Black line MY24,,Eléctricos puros,M1,2475,17.1,220,519,76.6
Audi Q4 Sportback e-tron 55 quattro 250 KW (335CV) Advanced MY24,,Eléctricos puros,M1,2750,16.6,250,527,77
Audi Q4 Sportback e-tron 55 quattro 250 KW (335CV) Black line MY24,,Eléctricos puros,M1,2750,17,250,518,77
Audi Q4 Sportback e-tron 55 quattro 250 KW (335CV) S line MY24,,Eléctricos puros,M1,2750,16.9,250,521,77
Audi Q8 e-tron 50 quattro 250 kW Advanced/ S line MY23,,Eléctricos puros,M1,3170,20.5,250,483,89
Audi Q8 e-tron 50 quattro 250 kW Advanced/ S line MY24,,Eléctricos puros,M1,3170,20.5,250,487,89
Audi Q8 e-tron 55 quattro 300 kW Advanced/ S line MY23,,Eléctricos puros,M1,3180,21,300,571,106
Audi Q8 e-tron 55 quattro 300 kW Advanced/ S line MY24,,Eléctricos puros,M1,3180,21,300,576,106
Audi Q8 e-tron Sportback 50 quattro 250 kW Advanced/ S line MY23,,Eléctricos puros,M1,3180,19.9,250,497,89
Audi Q8 e-tron Sportback 50 quattro 250 kW Advanced/ S line MY24,,Eléctricos puros,M1,3180,19.9,250,497,89
Audi Q8 e-tron Sportback 55 quattro 300 kW Advanced/ S line MY23,,Eléctricos puros,M1,3180,20.3,300,591,106
Audi Q8 e-tron Sportback 55 quattro 300 kW Advanced/ S line MY24,,Eléctricos puros,M1,3180,20.3,300,591,106
Audi RS e-tron GT RS e-tron GT 440 kW (598 CV) RS MY23,,Eléctricos puros,M1,2860,20.3,440,486,86
Audi RS e-tron GT RS e-tron GT 440 kW (598 CV) RS MY24,,Eléctricos puros,M1,2860,20.3,440,495,86
Audi RS e-tron GT RS e-tron GT 440 KW RS e-tron GT MY22,,Eléctricos puros,M1,2860,20.8,440,468,85
BMW BMW i7 xDrive60 51EJ,,Eléctricos puros,M1,2640,18.4,400,625,101.7
BMW i i3 7Z21,,Eléctricos puros,M1,1670,13.1,125,300,33.2
BMW i i3 7Z21,,Eléctricos puros,M1,1670,13.6,125,290,33.2
BMW i i3 7Z41,,Eléctricos puros,M1,1760,11.5,125,235,33.2
BMW i i3 7Z41,,Eléctricos puros,M1,1760,11.9,125,225,33.2
BMW i i3 7Z61,,Eléctricos puros,M1,1700,14.3,135,280,33.2
BMW i i3 7Z81,,Eléctricos puros,M1,1780,12.5,135,220,33.2
BMW i i3 8P21,,Eléctricos puros,M1,1710,13.1,125,330,42.2
BMW i i3 8P21 8P21,,Eléctricos puros,M1,1710,13.1,125,330,42.2
BMW i i3 BEV i3 Grupo 1 Automatico (I01) (7Z21),,Eléctricos puros,M1,1670,13.1,125,300,33.2
BMW i i3 BEV i3 Grupo 2 Automatico (I01) (7Z21),,Eléctricos puros,M1,1670,13.6,125,290,33.2
BMW i i3 REEV i3 Grupo 1 Automatico (I01) (CO2 13) (7Z41),,Eléctricos puros,M1,1760,11.5,125,235,33.2
BMW i i3 REEV i3 Grupo 2 Automatico (I01) (CO2 14) (7Z41),,Eléctricos puros,M1,1760,11.9,125,225,33.2
BMW i i3S 8P61,,Eléctricos puros,M1,1730,14,125,330,42.2
BMW i i3s BEV i3s Automatico (I01) (7Z61),,Eléctricos puros,M1,1700,14.3,135,280,33.2
BMW i i3s REEV i3s Automatico (I01) (CO2 15) (7Z81),,Eléctricos puros,M1,1780,12.5,135,220,33.2
BMW i i4 edrive40,,Eléctricos puros,M1,2050,16.1,250,590,83.6
BMW i i4 i4 edrive40,,Eléctricos puros,M1,2050,16.1,250,590,83.6
BMW i i4 M50,,Eléctricos puros,M1,2215,18,400,520,83.6
BMW i3 (120 Ah) 7Z21,,Eléctricos puros,M1,1710,13.1,125,308,120
BMW i3s (120 Ah) 7Z21,,Eléctricos puros,M1,1730,14,125,284,120
BMW i4 35 eDrive (Desde prod 03/2024) 41 AW,,Eléctricos puros,M1,2545,15.8,210,479,67
BMW i4 35 eDrive (Desde prod 11/2023) 41 AW,,Eléctricos puros,M1,2545,15.8,210,478,67
BMW i4 35 eDrive (Desde prod 11/2023) 41 AW,,Eléctricos puros,M1,2545,15.8,210,478,67
BMW i4 40 eDrive (Desde prod 11/2023) 71 AW,,Eléctricos puros,M1,2605,16.1,250,584,81.1
BMW i4 40 eDrive (Desde prod 11/2023) 71 AW,,Eléctricos puros,M1,2605,16.1,250,584,81.1
BMW i4 40 eDrive 71 AW,,Eléctricos puros,M1,2605,16.1,250,590,81.1
BMW i4 eDrive 35 41AW,,Eléctricos puros,M1,1990,15.8,210,483,67
BMW i4 eDrive40 71AW,,Eléctricos puros,M1,2050,16.1,250,590,83.6
BMW i4 eDrive40 71AW,,Eléctricos puros,M1,1710,16.1,250,590,80.7
BMW i4 M50 (Desde prod 11/2023) 31 AW,,Eléctricos puros,M1,2735,18.1,400,512,81.1
BMW i4 M50 (Desde prod 11/2023) 31 AW,,Eléctricos puros,M1,2735,18.1,400,512,81.1
BMW i4 M50 31 AW,,Eléctricos puros,M1,2735,18.1,400,520,81.1
BMW i4 M50 31AW,,Eléctricos puros,M1,1730,18,400,520,80.7
BMW i4 M50 31AW,,Eléctricos puros,M1,2215,18,400,520,83.6
BMW i5 eDrive40 Berlina (Desde prod 07/2023) 31FK,,Eléctricos puros,M1,2740,16,250,582,81.2
BMW i5 eDrive40 Berlina (Desde prod 11/2023) 31FK,,Eléctricos puros,M1,2740,16,250,570,81.2
BMW i5 eDrive40 Touring (Desde prod 03/2024) 11HH,,Eléctricos puros,M1,2760,16.5,250,547,83.9
BMW i5 M60 xDrive Berlina (Desde prod 07/2023) 41FK,,Eléctricos puros,M1,2895,18.2,442,516,81.3
BMW i5 M60 xDrive Berlina (Desde prod 11/2023) 41FK,,Eléctricos puros,M1,2895,18.2,442,510,81.3
BMW i5 M60 xDrive Touring (Desde prod 03/2024) 31HH,,Eléctricos puros,M1,2960,18.3,442,499,83.9
BMW i5 xDrive40 Berlina (Desde prod 03/2024) 11HG,,Eléctricos puros,M1,2890,17.2,290,530,83.9
BMW i7 eDrive50 (Desde prod 07/2023) 41EJ,,Eléctricos puros,M1,3130,19.1,335,612,101.7
BMW i7 eDrive50 (Desde prod 11/2023) 41EJ,,Eléctricos puros,M1,3130,19.1,335,611,101.7
BMW i7 M70 xDrive (Desde prod 07/2023) 81EH,,Eléctricos puros,M1,3250,20.8,485,560,101.7
BMW i7 M70 xDrive (Desde prod 11/2023) 81EH,,Eléctricos puros,M1,3250,20.8,485,559,101.7
BMW i7 xDrive60 (Desde prod 11/2023) 51EJ,,Eléctricos puros,M1,3250,18.5,400,624,101.7
BMW iX M60 (Desde prod 07/2023) 31CF,,Eléctricos puros,M1,3160,21.8,455,568,108.6
BMW iX M60 (Desde prod 11/2023) 31CF,,Eléctricos puros,M1,3160,21.8,455,563,108.6
BMW iX M60 31CF,,Eléctricos puros,M1,2595,21.7,455,568,107.5
BMW iX M60 31CF,,Eléctricos puros,M1,3160,21.9,455,563,108.6
BMW iX xDrive40 (Desde prod 11/2023) 11CF,,Eléctricos puros,M1,3010,19.4,240,425,74.1
BMW iX xDrive40 11CF,,Eléctricos puros,M1,2365,19.3,240,426,76.6
BMW iX xDrive50 (Desde prod 11/2023) 21CF,,Eléctricos puros,M1,3145,19.7,385,628,108.8
BMW iX xDrive50 21CF,,Eléctricos puros,M1,3145,19.8,386,631,111.5
BMW iX1 eDrive20 (Desde prod 11/2023) 71EG,,Eléctricos puros,M1,2435,15.4,150,474,64.8
BMW iX1 xDrive30 (Desde prod 07/2023) 61EF,,Eléctricos puros,M1,2580,16.9,230,439,64.8
BMW iX1 xDrive30 61EF,,Eléctricos puros,M1,2010,16.8,230,440,64.7
BMW iX2 eDrive20 (Desde prod 03/2024) 51GM,,Eléctricos puros,M1,2460,15.3,150,478,64.8
BMW iX2 xDrive30 (Desde prod 11/2023) 71GM,,Eléctricos puros,M1,2605,16.3,230,449,64.8
BMW iX3 7X41,,Eléctricos puros,M1,2260,18.6,210,460,80
BMW iX3 M Sport (Desde prod 01.2024) 41DU,,Eléctricos puros,M1,2740,17.6,210,471,73.9
BMW iX3 M Sport 41DU,,Eléctricos puros,M1,2255,18.5,210,462,74.3
BYD BYD ATTO 3 SC2E/M2F1C/1NXE5E001NL1,,Eléctricos puros,M1,2160,15.6,150,420,60.5
BYD BYD DOLPHIN EM2E-1/H2F1C/2NTE5F002NL1,,Eléctricos puros,M1,2068,15.9,150,427,60.4
BYD HAN AWD SE2D1C/1NXE5E001NL1,,Eléctricos puros,M1,2660,18.5,380,521,85.4
BYD SEAL AWD SE2D1C/1NXE5E001NL1,,Eléctricos puros,M1,2631,18.2,,520,82.5
BYD SEAL SE2R1C/2NTE5F002NL1,,Eléctricos puros,M1,2501,16.6,230,570,82.5
BYD SEAL U ME2F1C/1NXE5E001NL1,,Eléctricos puros,M1,2430,19.9,160,420,71.8
BYD SEAL U ME2F1C/2NYE5E002NL1,,Eléctricos puros,M1,2557,20.5,160,500,87
BYD TANG M2D1C/1NXE7E001NL1,,Eléctricos puros,M1,3060,23.8,,400,86.4
Citroën C-Zero Eléctrico,,Eléctricos puros,M1,1450,12.6,49,150,14.5
Citroën ë-Berlingo 50 kWh Talla M,,Eléctricos puros,M1,2290,22.7,100,245,50
Citroën ë-Berlingo 50 kWh Talla XL,,Eléctricos puros,M1,2320,22.7,100,245,50
Citroën ë-C4 115 KW,,Eléctricos puros,M1,2020,14.9,115,420,54
Citroën ë-C4 eléctrico 100 KW - 50KWh E SERIES,,Eléctricos puros,M1,2000,16.6,100,357,50
Citroën ë-C4 eléctrico 100 KW - 50KWh YOU,,Eléctricos puros,M1,2000,16.6,100,357,50
Citroën ë-C4 Eléctrico 100 KW C-SERIES,,Eléctricos puros,M1,2000,15.3,100,353,50
Citroën ë-C4 Eléctrico 100 KW FEEL,,Eléctricos puros,M1,2000,15.3,100,353,50
Citroën ë-C4 Eléctrico 100 KW FEEL PACK,,Eléctricos puros,M1,2000,15.3,100,353,50
Citroën ë-C4 Eléctrico 100 KW SHINE,,Eléctricos puros,M1,2000,15.3,100,353,50
Citroën ë-C4 eléctrico 100KW- 50KWh MAX,,Eléctricos puros,M1,2000,16.6,100,357,50
Citroën ë-C4 eléctrico 100KW- 50KWh PLUS,,Eléctricos puros,M1,2000,16.6,100,357,50
Citroën ë-C4 eléctrico 115 KW - 54KWh E SERIES,,Eléctricos puros,M1,2020,14.9,115,420,54
Citroën ë-C4 eléctrico 115 KW - 54KWh MAX,,Eléctricos puros,M1,2020,14.9,115,420,54
Citroën ë-C4 eléctrico 115 KW - 54KWh PLUS,,Eléctricos puros,M1,2020,14.9,115,420,54
Citroën ë-C4 ELÉCTRICO 115 KW - 54KWh SHINE ,,Eléctricos puros,M1,2020,14.9,115,420,54
Citroën ë-C4 eléctrico 115 KW - 54KWh YOU,,Eléctricos puros,M1,2020,14.9,115,420,54
Citroën ë-C4X 115 KW,,Eléctricos puros,M1,2040,14.8,115,420,54
Citroën ë-C4X ELÉCTRICO 100 KW,,Eléctricos puros,M1,2040,15.4,100,357,50
Citroën ë-C4X ELÉCTRICO 100 KW - 50KWh Ë Series,,Eléctricos puros,M1,2040,15.4,100,357,50
Citroën ë-C4X ELÉCTRICO 100 KW - 50KWh Plus,,Eléctricos puros,M1,2040,15.4,100,357,50
Citroën ë-C4X ELÉCTRICO 100 KW - 50KWh You,,Eléctricos puros,M1,2040,15.4,100,357,50
Citroën ë-C4X ELÉCTRICO 115 KW - 54KWh Ë Series,,Eléctricos puros,M1,2040,14.8,115,420,54
Citroën ë-C4X ELÉCTRICO 115 KW - 54KWh Max,,Eléctricos puros,M1,2040,14.8,115,420,54
Citroën ë-C4X ELÉCTRICO 115 KW - 54KWh Plus,,Eléctricos puros,M1,2040,14.8,115,420,54
Citroën ë-C4X ELÉCTRICO 115 KW - 54KWh You,,Eléctricos puros,M1,2040,14.8,115,420,54
Citroën ë-Jumpy Combi Talla  M  Eléctrico 100 KW 50 KWh,,Eléctricos puros,M1,3015,28.2,100,196,50
Citroën ë-Jumpy Combi Talla  M  Eléctrico 100 KW 75 KWh,,Eléctricos puros,M1,3100,29.5,100,285,75
Citroën ë-Jumpy Combi Talla  XL Eléctrico 100 KW 75 KWh,,Eléctricos puros,M1,3100,29.5,100,285,75
Citroën ë-SpaceTourer Business Talla M  Eléctrico 100 kW 75 kWh,,Eléctricos puros,M1,3100,29.5,100,285,75
Citroën ë-SpaceTourer Business Talla M Eléctrico 100 kW 50 kWh,,Eléctricos puros,M1,3015,28.2,100,196,50
Citroën ë-SpaceTourer Business Talla XL Eléctrico 100 kW 75 kWh,,Eléctricos puros,M1,3100,29.5,100,285,75
Citroën ë-SpaceTourer Business Talla XS Eléctrico 100 kW 50 kWh,,Eléctricos puros,M1,2925,28.2,100,196,50
Citroën ë-SpaceTourer Feel Talla M Eléctrico 100 kW 50 kWh,,Eléctricos puros,M1,2950,28.2,100,196,50
Citroën ë-SpaceTourer Feel Talla M Eléctrico 100 kW 75 kWh,,Eléctricos puros,M1,3100,29.5,100,285,75
Citroën ë-SpaceTourer Shine Talla M Eléctrico 100 kW 75 kWh,,Eléctricos puros,M1,3100,29.5,100,285,75
Citroën Nuevo C3 ë-C3 Eléctrico Max,,Eléctricos puros,M1,1910,16.4,83,300,44
Citroën Nuevo C3 ë-C3 Eléctrico You,,Eléctricos puros,M1,1910,16.4,83,300,44
Citroën Nuevo ë-C4 Eléctrico 100 KW,,Eléctricos puros,M1,2000,16.6,100,338,50
Citroën Nuevo ë-C4X ELÉCTRICO 100 KW Feel,,Eléctricos puros,M1,2040,15.1,100,358,50
Citroën Nuevo ë-C4X ELÉCTRICO 100 KW Feel Pack,,Eléctricos puros,M1,2040,15.1,100,358,50
Citroën Nuevo ë-C4X ELÉCTRICO 100 KW Shine,,Eléctricos puros,M1,2040,15.1,100,358,50
Citroën Nuevo ë-C4X ELÉCTRICO 115 KW - 54KWh SHINE ,,Eléctricos puros,M1,2040,14.8,115,420,54
CUPRA BORN 150kW (204CV) 58kWh,,Eléctricos puros,M1,2260,16.7,150,424,58
CUPRA BORN 150kW (204CV) 58kWh Advanced Plus,,Eléctricos puros,M1,2280,17.3,150,424,58
CUPRA BORN 150kW (204CV) 62kWh LAUNCH EDITION,,Eléctricos puros,M1,2260,16.7,150,424,58
CUPRA BORN 170kW (231CV) 58kWh e-Boost Pack Advanced Plus,,Eléctricos puros,M1,2290,17.6,170,420,58
CUPRA BORN 170kW (231CV) 77kWh e-Boost Pack + Battery Pack Advanced Plus,,Eléctricos puros,M1,2310,17.5,170,549,77
CUPRA BORN 58kWh 170kW (231CV) e-Boost Pack,,Eléctricos puros,M1,2280,17.4,170,420,58
CUPRA BORN 58kWh 170kW (231CV) e-Boost Pack LAUNCH EDITION,,Eléctricos puros,M1,2280,17.4,170,420,58
CUPRA BORN 77kWh 170kW (231CV) e-Boost Pack+Battery Pack (4 plazas),,Eléctricos puros,M1,2300,17.5,170,549,
CUPRA BORN 77kWh 170kW (231CV) e-Boost Pack+Battery Pack (5 plazas),,Eléctricos puros,M1,2300,17.5,170,549,
CUPRA BORN 77kWh 170kW (231CV) e-Boost Pack+Battery Pack LAUNCH EDITION,,Eléctricos puros,M1,2300,17.5,170,495,
"Dacia Spring SI1 Electric 45 (33 kW) (semi: E2 M1 B4E2R, E2PM1 B4E2R,  E2 M1 B4E, E2 M1 B4E2S, E2PM1DB4E2R)",,Eléctricos puros,M1,1293,15.2,33,225,
"Dacia Spring SI1 Electric 45 (33 kW) (semi: RC2 M1 B4E2S, RC2 M1 B4E2R)",,Eléctricos puros,M1,1300,15.2,33,225,
"Dacia Spring SI1 Electric 45 (33 kW) (semi: Y2 M1 B4E2S, Y2 M1 B4E2R, Y2PM1 B4E2R,Z2 M1 B4E2S, Z2 M1 B4E2R)",,Eléctricos puros,M1,1286,15.2,33,225,
Dacia Spring SI1 Electric 65 (48 kW) (semi: Z3 M2 B4ER),,Eléctricos puros,M1,1300,14.3,48,220,
DFSK SERES 3 S1,,Eléctricos puros,M1,2065,16,120,329,
DFSK SERES 3 S2,,Eléctricos puros,M1,2065,16,120,329,
DS DS 3 CROSSBACK E-TENSE,,Eléctricos puros,M1,2008,17,100,320,
DS DS 3 E-TENSE,,Eléctricos puros,M1,2008,16.4,115,404,
EUROGAZA EMERGENCIAS EDAIN EDM4Te3200115060,,Eléctricos puros,M1,3200,19.3,85,181,
EUROGAZA EMERGENCIAS EDAIN EDM4Te3200115066,,Eléctricos puros,M1,3200,19.3,85,181,
EUROGAZA EMERGENCIAS EPONA EPM1De350055110,,Eléctricos puros,M1,3500,29.2,41,120,
EUROGAZA EMERGENCIAS EPONA EPM1De350074110,,Eléctricos puros,M1,3500,29.7,55,168,
EUROGAZA EMERGENCIAS FEBRIS FEM1De350055110,,Eléctricos puros,M1,3500,29.2,41,120,
EUROGAZA EMERGENCIAS FEBRIS FEM1De350074110,,Eléctricos puros,M1,3500,29.7,55,168,
EUROGAZA EMERGENCIAS PANACEA PAM1De350055110,,Eléctricos puros,M1,3500,29.2,41,120,
EUROGAZA EMERGENCIAS PANACEA PAM1De350074110,,Eléctricos puros,M1,3500,29.7,55,168,
EUROGAZA EMERGENCIAS PANACEA ROLLIBOX PRM1De350055110,,Eléctricos puros,M1,3500,29.2,41,120,
EUROGAZA EMERGENCIAS PANACEA ROLLIBOX PRM1De350074110,,Eléctricos puros,M1,3500,29.7,55,168,
EUROGAZA EMERGENCIAS SIRONA SIM1De350055110,,Eléctricos puros,M1,3500,29.2,41,120,
EUROGAZA EMERGENCIAS SIRONA SIM1De350074110,,Eléctricos puros,M1,3500,29.7,55,168,
Fiat 500e 3+1 -  Icon / Passion / Business  (87kW),,Eléctricos puros,M1,1720,14.3,87,313,
Fiat 500e 3+1 - La Prima  (87kW),,Eléctricos puros,M1,1720,14.6,87,313,
Fiat 500e 500e 3+1 Icon 190km 70kW (95cv),,Eléctricos puros,M1,1580,13.3,70,190,
Fiat 500e 500e 3+1 Icon 320km 87kW (118cv),,Eléctricos puros,M1,1580,14.3,87,320,
Fiat 500e 500e 3+1 laPrima 320km 87kW (118cv),,Eléctricos puros,M1,1580,14.6,87,320,
Fiat 500e 500e 3+1 laPrima by Bocelli 320km 87kW (118cv),,Eléctricos puros,M1,1580,14.6,87,320,
Fiat 500e 500e Action 190km 70kW (95cv),,Eléctricos puros,M1,1580,13.3,70,190,
Fiat 500e 500e Cabrio Icon 190km 70kW (95cv),,Eléctricos puros,M1,1580,13.3,70,190,
Fiat 500e 500e Cabrio Icon 320km 87kW (118cv),,Eléctricos puros,M1,1580,14.7,87,320,
Fiat 500e 500e Cabrio laPrima 320km 87kW (118cv),,Eléctricos puros,M1,1580,14.7,87,320,
Fiat 500e 500e Cabrio laPrima by Bocelli 320km 87kW (118cv),,Eléctricos puros,M1,1580,14.7,87,320,
Fiat 500e 500e Cabrio Red 190km 70kW (95cv),,Eléctricos puros,M1,1580,13.3,70,190,
Fiat 500e 500e Cabrio Red 320km 87kW (118cv),,Eléctricos puros,M1,1580,14.7,87,320,
Fiat 500e 500e Icon 190km 70kW (95cv),,Eléctricos puros,M1,1580,13.3,70,190,
Fiat 500e 500e Icon 320km 87kW (118cv),,Eléctricos puros,M1,1580,14,87,320,
Fiat 500e 500e laPrima 320km 87kW (118cv),,Eléctricos puros,M1,1580,14,87,320,
Fiat 500e 500e laPrima by Bocelli320km 87kW (118cv),,Eléctricos puros,M1,1580,14,87,320,
Fiat 500e 500e Red 190km 70kW (95cv),,Eléctricos puros,M1,1580,13.3,70,185,
Fiat 500e 500e Red 320km 87kW (118cv),,Eléctricos puros,M1,1580,14,87,320,
Fiat 500e Berlina -  Icon / Passion / Business  (87kW),,Eléctricos puros,M1,1690,14,87,313,
Fiat 500e Berlina - Action (70kW),,Eléctricos puros,M1,1580,13.3,70,185,
Fiat 500e Cabrio - Icon / Passion / Business  (87kW),,Eléctricos puros,M1,1730,14.7,87,320,
Fiat 500e Fiat 500e 500e Cabrio la Prima (85kW),,Eléctricos puros,M1,1580,14.6,87,320,
Fiat 500e Fiat 500e 500e HB la Prima (85kW),,Eléctricos puros,M1,1580,14,87,320,
Fiat 500e MY23 500e 190km 70kW (95cv),,Eléctricos puros,M1,1580,13.3,70,190,
Fiat 500e MY23 500e 3+1 190km 70kW (95cv),,Eléctricos puros,M1,1580,13.3,70,190,
Fiat 500e MY23 500e 3+1 320km 87kW (118cv),,Eléctricos puros,M1,1580,14,87,320,
Fiat 500e MY23 500e 3+1 laPrima by Bocelli 320km 87kW (118cv),,Eléctricos puros,M1,1580,14.6,87,320,
Fiat 500e MY23 500e 320km 87kW (118cv),,Eléctricos puros,M1,1580,14,87,320,
Fiat 500e MY23 500e Cabrio 190km 70kW (95cv),,Eléctricos puros,M1,1580,13.3,70,190,
Fiat 500e MY23 500e Cabrio 320km 87kW (118cv),,Eléctricos puros,M1,1580,14,87,320,
Fiat 500e MY23 500e Cabrio laPrima by Bocelli 320km 87kW (118cv),,Eléctricos puros,M1,1580,14.7,87,320,
Fiat 500e MY23 500e Cabrio Red 190km 70kW (95cv),,Eléctricos puros,M1,1580,13.3,70,190,
Fiat 500e MY23 500e Cabrio Red 320km 87kW (118cv),,Eléctricos puros,M1,1580,14,87,320,
Fiat 500e MY23 500e laPrima by Bocelli320km 87kW (118cv),,Eléctricos puros,M1,1580,14,87,320,
Fiat 500e MY23 500e Red 190km 70kW (95cv),,Eléctricos puros,M1,1580,13.3,70,190,
Fiat 500e MY23 500e Red 320km 87kW (118cv),,Eléctricos puros,M1,1580,14,87,320,
Fiat E-Ulysse MY23 E-Ulysse Lounge Talla L 100 kW (136cv) Batería 75kWh,,Eléctricos puros,M1,1870,27.8,100,310,
Fiat E-Ulysse MY23 E-Ulysse Lounge Talla M 100 kW (136cv) Batería 75kWh,,Eléctricos puros,M1,1870,26.1,100,330,
Fiat E-Ulysse MY23 E-Ulysse Talla L 100 kW (136cv) Batería 75kWh,,Eléctricos puros,M1,1870,27.8,100,310,
Fiat E-Ulysse MY23 E-Ulysse Talla M 100 kW (136cv) Batería 50kWh,,Eléctricos puros,M1,1870,24.6,100,230,
Fiat E-Ulysse MY23 E-Ulysse Talla M 100 kW (136cv) Batería 75kWh,,Eléctricos puros,M1,1870,26.1,100,330,
Fiat eDoblo eDoblo BEV + launch Pack bateria 50 KW 100kw (136 cv),,Eléctricos puros,M1,1814,19.6,100,285,
Fiat eDoblo eDoblo BEV bateria 50 KW 100kw (136 cv),,Eléctricos puros,M1,1814,19.6,100,285,
Fiat eDoblo eDoblo BEV Launch Edition bateria 50 KW 100kw (136 cv),,Eléctricos puros,M1,1814,19.6,100,285,
Fiat FIAT 600 BEV Nuevo Fiat 600 BEV La prima 54kwh 115kw (156cv),,Eléctricos puros,M1,1520,15.2,115,406,
Fiat FIAT 600 BEV Nuevo Fiat 600 BEV RED 54kwh 115kw (156cv),,Eléctricos puros,M1,1520,15.1,115,409,
"Ford Mustang Mach-E (03.2023) SUV Eléctrico - 75,7Kwh Aut. AWD Rango Estándar",,Eléctricos puros,M1,2640,19.5,198,400,
"Ford Mustang Mach-E (03.2023) SUV Eléctrico - 75,7Kwh Aut. RWD Rango Estándar",,Eléctricos puros,M1,2555,17.2,198,440,
"Ford Mustang Mach-E (03.2023) SUV Eléctrico - 98,8Kwh Aut. AWD Rango Extendido",,Eléctricos puros,M1,2690,18.8,258,550,
"Ford Mustang Mach-E (03.2023) SUV Eléctrico - 98,8Kwh Aut. GT Rango Extendido",,Eléctricos puros,M1,2605,21.2,358,490,
"Ford Mustang Mach-E (03.2023) SUV Eléctrico - 98,8Kwh Aut. RWD Rango Extendido",,Eléctricos puros,M1,2605,17.3,216,600,
"Ford Mustang Mach-E (03.2024) SUV Eléctrico - 72,6 kWh Aut. Base RWD Rango Estándar",,Eléctricos puros,M1,2690,17.8,198,470,
"Ford Mustang Mach-E (03.2024) SUV Eléctrico - 72,6 kWh Aut. Premium AWD Rango Estándar",,Eléctricos puros,M1,2690,19.5,232,428,
Ford Mustang Mach-E (03.2024) SUV Eléctrico - 91 kWh Aut. GT Rango Extendido,,Eléctricos puros,M1,2690,21.2,358,490,
Ford Mustang Mach-E (03.2024) SUV Eléctrico - 91 kWh Aut. Premium AWD Rango Extendido,,Eléctricos puros,M1,2690,18.8,258,550,
Ford Mustang Mach-E (03.2024) SUV Eléctrico - 91 kWh Aut. Premium RWD Rango Extendido,,Eléctricos puros,M1,2690,17.3,216,600,
GREENTOUR EV 2 ,,Eléctricos puros,M1,1555,18,30,300,
GREENTOUR EV 4 ,,Eléctricos puros,M1,1880,18,40,300,
Honda e:Ny1 Advance,,Eléctricos puros,M1,2080,18.2,150,412,
Honda e:Ny1 Elegance,,Eléctricos puros,M1,2080,18.2,150,412,
Honda Honda e Honda e Advance BEV,,Eléctricos puros,M1,1870,17.2,113,222,
Honda Honda e Honda e BEV,,Eléctricos puros,M1,1855,17.2,100,222,
"Hyundai Canarias IONIQ 5 2021 Motor eléctrico 124,9 kW (170 CV) 2WD",,Eléctricos puros,M1,2370,16.7,125,384,
Hyundai Canarias IONIQ 5 2021 Motor eléctrico 160 kW (217 CV) 2WD Llanta 19,,Eléctricos puros,M1,2430,16.8,160,481,
Hyundai Canarias IONIQ 5 2021 Motor eléctrico 160 kW (217 CV) 2WD Llanta 20,,Eléctricos puros,M1,2430,17.9,160,451,
"Hyundai Canarias IONIQ 5 2021 Motor eléctrico 168,1 kW (229 CV) 2WD Llanta 19""""",,Eléctricos puros,M1,2450,17.9,168,507,
"Hyundai Canarias IONIQ 5 2021 Motor eléctrico 168,1 kW (229 CV) 2WD Llanta 20""""",,Eléctricos puros,M1,2450,17,168,476,
"Hyundai Canarias IONIQ 5 2021 Motor eléctrico 172,6 kW (235 CV) 4WD",,Eléctricos puros,M1,2480,18.1,173,360,
"Hyundai Canarias IONIQ 5 2021 Motor eléctrico 224,6 kW (305 CV) 4WD Llanta 19",,Eléctricos puros,M1,2540,17.7,225,460,
"Hyundai Canarias IONIQ 5 2021 Motor eléctrico 224,6 kW (305 CV) 4WD Llanta 20",,Eléctricos puros,M1,2540,19,225,430,
"Hyundai Canarias IONIQ 5 2021 Motor eléctrico 239,3 kW (325 CV) 4WD Llanta 19""""",,Eléctricos puros,M1,2560,17.9,239,481,
"Hyundai Canarias IONIQ 5 2021 Motor eléctrico 239,3 kW (325 CV) 4WD Llanta 20""""",,Eléctricos puros,M1,2560,19.1,239,454,
Hyundai Canarias IONIQ Eléctrico FL 2019 Motor eléctrico 100 kW (136 CV),,Eléctricos puros,M1,1970,13.8,100,311,
Hyundai Canarias IONIQ Eléctrico FL 2019 Motor eléctrico 100 kW (136 CV) MY21,,Eléctricos puros,M1,1970,13.8,100,311,
Hyundai Canarias Kona Eléctrico 2018 Motor eléctrico 100kW (136 CV),,Eléctricos puros,M1,2020,15,100,289,
Hyundai Canarias Kona Eléctrico 2018 Motor eléctrico 150kW (204 CV),,Eléctricos puros,M1,2170,15.4,150,449,
Hyundai Canarias KONA Eléctrico FL 2020 Motor eléctrico 100kW (136 CV),,Eléctricos puros,M1,2020,14.3,100,305,39.2
Hyundai Canarias KONA Eléctrico FL 2020 Motor eléctrico 150kW (204 CV),,Eléctricos puros,M1,2170,14.7,150,484,64
Hyundai IONIQ 5  168kW 77kWh RWD ENERGY,,Eléctricos puros,M1,2450,18,168,476,77
Hyundai IONIQ 5  168kW 77kWh RWD LIGHT,,Eléctricos puros,M1,2450,17,168,507,77
Hyundai IONIQ 5 125kW 58kWh RWD LIGHT,,Eléctricos puros,M1,2370,16.7,125,384,58
Hyundai IONIQ 5 160kW 73kWh RWD ENERGY,,Eléctricos puros,M1,2430,17.9,160,451,73
Hyundai IONIQ 5 160kW 73kWh RWD LIGHT,,Eléctricos puros,M1,2430,16.8,160,481,73
Hyundai IONIQ 5 160kW 73kWh RWD STAR,,Eléctricos puros,M1,2430,16.8,160,481,73
Hyundai IONIQ 5 168kW 77kWh RWD STAR,,Eléctricos puros,M1,2450,17,168,507,77
Hyundai IONIQ 5 225kW 73kWh AWD ENERGY,,Eléctricos puros,M1,2540,19,225,430,73
Hyundai IONIQ 5 239kW 77kWh AWD ENERGY,,Eléctricos puros,M1,2560,19.1,239,454,77
Hyundai IONIQ 5 478kW 84kWh AWD N,,Eléctricos puros,M1,2660,21.2,478,448,84
Hyundai IONIQ 6 111KW 53kWh RWD LIGHT,,Eléctricos puros,M1,2280,13.9,111,429,53
Hyundai IONIQ 6 168KW 77kWh RWD STAR,,Eléctricos puros,M1,2410,14.3,168,614,77
Hyundai IONIQ 6 239kW 77kWh AWD ENERGY,,Eléctricos puros,M1,2520,16.9,239,519,77
Hyundai IONIQ FL EV 5P 100kW KLASS,,Eléctricos puros,M1,1970,13.8,100,311,38
Hyundai IONIQ FL EV 5P 100kW KLASS TAXI FLEET,,Eléctricos puros,M1,1970,13.8,100,311,38
Hyundai IONIQ FL EV 5P 100kW STYLE,,Eléctricos puros,M1,1970,13.8,100,311,38
Hyundai IONIQ FL EV 5P 100kW TECNO,,Eléctricos puros,M1,1970,13.8,100,311,38
Hyundai KONA EV 115kW 48kWh FLEXX,,Eléctricos puros,M1,2110,14.6,114,377,48
Hyundai KONA EV 115kW 48kWh TECNO 2C,,Eléctricos puros,M1,2110,14.6,114,377,48
Hyundai KONA EV 160kW 65kWh FLEXX,,Eléctricos puros,M1,2220,14.7,160,512,65
Hyundai KONA EV 160kW 65kWh STYLE 2C,,Eléctricos puros,M1,2220,16.2,160,468,65
Hyundai KONA EV 160kW 65kWh TECNO 2C,,Eléctricos puros,M1,2220,14.9,160,511,65
Hyundai KONA EV FL 100KW MAXX,,Eléctricos puros,M1,2020,14.3,100,305,39
Hyundai KONA EV FL 100KW TECNO 2C,,Eléctricos puros,M1,2020,14.3,100,305,39
Hyundai KONA EV FL 150KW MAXX,,Eléctricos puros,M1,2170,14.7,150,484,64
Hyundai KONA EV FL 150KW STYLE SKY,,Eléctricos puros,M1,2170,14.7,150,484,64
Hyundai KONA EV FL 150KW TECNO 2C,,Eléctricos puros,M1,2170,14.7,150,484,64
JAC iEV7s ,,Eléctricos puros,M1,1870,16.3,85,275,40
Jaguar I-PACE 400 CV AWD Auto S/SE/HSE/First Edition - 415 km,,Eléctricos puros,M1,2670,24.8,294,415,90
Jaguar I-PACE 400 CV AWD Auto S/SE/HSE/First Edition - 470 km,,Eléctricos puros,M1,2670,22,294,470,90
Jeep Avenger Avenger Altitude Eléctrico,,Eléctricos puros,M1,1536,15.1,115,400,54
Jeep Avenger Avenger Avenger Eléctrico,,Eléctricos puros,M1,1536,15.1,115,400,54
Jeep Avenger Avenger First Edition Eléctrico,,Eléctricos puros,M1,1536,15.1,115,400,54
Jeep Avenger Avenger Longitude Eléctrico,,Eléctricos puros,M1,1536,15.1,115,400,54
Jeep Avenger Avenger Summit Eléctrico,,Eléctricos puros,M1,1536,15.1,115,400,54
JIAYUAN KOMI 17,,Eléctricos puros,M1,1300,10.7,17,161,17
JIAYUAN KOMI 35,,Eléctricos puros,M1,1300,10.7,35,320,35
"Kia Canarias eNiro EV 100kW(136cv) 2wd AT FLEX 39,2kWh (289km) {MY19}",,Eléctricos puros,M1,2080,15.3,100,289,39.2
"Kia Canarias eNiro EV 100kW(136cv) 2wd AT SPIRIT 39,2kWh (289km) {MY19}",,Eléctricos puros,M1,2080,15.3,100,289,39.2
Kia Canarias eNiro EV 150kW(204cv) 2wd AT KLASS 64kWh (455km) {MY20},,Eléctricos puros,M1,2230,15.9,150,455,64
Kia Canarias eNiro EV 150kW(204cv) 2wd AT KLASS 64kWh {MY21},,Eléctricos puros,M1,2230,15.9,150,455,64
Kia Canarias eNiro EV 150kW(204cv) 2wd AT SPIRIT 64kWh (455km) {MY19},,Eléctricos puros,M1,2230,15.9,150,455,64
Kia Canarias eNiro EV 150kW(204cv) 2wd AT SPIRIT 64kWh (455km) {MY20},,Eléctricos puros,M1,2230,15.9,150,455,64
Kia Canarias eNiro EV 150kW(204cv) 2wd AT SPIRIT 64kWh {MY21},,Eléctricos puros,M1,2230,15.9,150,455,64
Kia Canarias eSoul EV 100kW(136cv) 2wd AT ACTIVE (407km urbano) {MY20},,Eléctricos puros,M1,2025,15.6,100,276,39.2
"Kia Canarias eSoul EV 100kW(136cv) 2wd AT CITY 39,2kWh {MY20}",,Eléctricos puros,M1,2025,15.6,100,276,39.2
Kia Canarias eSoul EV 150kW(204cv) 2wd AT CITY 64kWh {MY21},,Eléctricos puros,M1,2025,15.7,150,452,64
Kia Canarias EV6 AWD 239kW GT-LINE{MY22},,Eléctricos puros,M1,2530,18,239,484,77.4
Kia Canarias EV6 RWD 168kW GT-LINE {MY22},,Eléctricos puros,M1,2425,17.2,168,504,77.4
Kia Canarias EV6 RWD 168kW SPIRIT {MY22},,Eléctricos puros,M1,2425,16.5,168,528,77.4
Kia E-NIRO e-Niro Concept,,Eléctricos puros,M1,2080,15.3,100,289,39.2
Kia E-NIRO e-Niro Drive,,Eléctricos puros,M1,2080,15.3,100,289,39.2
Kia E-NIRO e-Niro Drive (Long Range),,Eléctricos puros,M1,2230,15.9,150,455,64
Kia E-NIRO e-Niro Emotion,,Eléctricos puros,M1,2080,15.3,100,289,64
Kia E-NIRO e-Niro Emotion (Long Range),,Eléctricos puros,M1,2230,15.9,150,455,64
Kia E-NIRO Emotion (Long Range)(Pack Luxury),,Eléctricos puros,M1,2230,15.9,150,455,64
Kia E-NIRO Emotion (Pack Luxury),,Eléctricos puros,M1,2080,15.3,100,289,39
Kia E-SOUL e-Soul Concept,,Eléctricos puros,M1,2025,15.6,100,276,120
Kia E-SOUL e-Soul Drive,,Eléctricos puros,M1,2025,15.6,100,276,120
Kia E-SOUL e-Soul Drive (Long Range),,Eléctricos puros,M1,2180,15.7,150,452,180
Kia E-SOUL e-Soul Emotion,,Eléctricos puros,M1,2025,15.6,100,276,120
Kia E-SOUL e-Soul Emotion (Long Range),,Eléctricos puros,M1,2180,15.7,150,452,180
Kia EV6 Air RWD,,Eléctricos puros,M1,2370,16.6,125,400,58
Kia EV6 Air RWD (Long Range),,Eléctricos puros,M1,2420,17.9,168,510,77.4
Kia EV6 Air RWD (Long Range) Pack GT-Line,,Eléctricos puros,M1,2420,17.9,168,510,77.4
Kia EV6 Air RWD (Long Range)(Pack Comfort),,Eléctricos puros,M1,2420,17.9,168,510,77.4
Kia EV6 Air RWD (Pack Comfort),,Eléctricos puros,M1,2370,16.6,125,400,58
Kia EV6 GT AWD (Long Range),,Eléctricos puros,M1,2580,17.9,430,400,77.4
Kia EV6 GT-Line AWD (Long Range),,Eléctricos puros,M1,2550,17.9,239,450,77.4
Kia EV6 GT-Line AWD (Long Range) (Pack Premium),,Eléctricos puros,M1,2550,17.9,239,450,77.4
Kia EV6 GT-Line RWD (Long Range),,Eléctricos puros,M1,2430,17.9,168,475,77.4
Kia EV6 GT-Line RWD (Long Range) (Pack Premium),,Eléctricos puros,M1,2430,17.9,168,475,77.4
Kia EV6 Plus Edition RWD (Long Range),,Eléctricos puros,M1,2420,17.9,168,510,77.4
Kia EV6 RWD,,Eléctricos puros,M1,2370,16.6,125,400,58
Kia EV6 RWD (Long Range),,Eléctricos puros,M1,2420,17.9,168,510,77.4
Kia EV6 Smart Edition RWD (Long Range),,Eléctricos puros,M1,2340,16.6,125,394,58
Kia EV9 AWD GT-Line 6pl,,Eléctricos puros,M1,3190,22.8,283,505,100
Kia EV9 AWD GT-Line 7pl,,Eléctricos puros,M1,3240,22.8,283,505,100
Kia Nuevo e-Niro Concept,,Eléctricos puros,M1,2200,15.9,150,463,64.8
Kia Nuevo e-Niro Drive,,Eléctricos puros,M1,2200,15.9,150,463,64.8
Kia Nuevo e-Niro Emotion,,Eléctricos puros,M1,2200,15.9,150,463,64.8
Kia Nuevo e-Niro Emotion Pack Luxury,,Eléctricos puros,M1,2200,15.9,150,463,64.8
Kia Nuevo e-Niro Smart Edition,,Eléctricos puros,M1,2200,15.9,150,463,64.8
Kia Nuevo e-Niro Winter Edition,,Eléctricos puros,M1,2200,15.9,150,463,64.8
Lexus Canarias RZ (L3) RZ 450e Luxury,,Eléctricos puros,M1,3390,18.3,150,404,71.4
Lexus Canarias RZ (L3) RZ 540e Plus,,Eléctricos puros,M1,3390,18.2,150,407,71.4
Lexus Canarias UX EV (M3) UX 300e 4x2 Luxury,,Eléctricos puros,M1,2860,16.9,150,441,72.8
Lexus Canarias UX EV (M3) UX 300e 4x2 Plus,,Eléctricos puros,M1,2860,16.8,150,444,72.8
Lexus RZ 450e Business/Executive/Luxury (MY23),,Eléctricos puros,M1,2640,17,230,440,71
Lexus RZ 450e Business/Executive/Luxury (MY24),,Eléctricos puros,M1,2640,17,230,440,71
Lexus UX 300E Base/Plus/Relax/Relax Pus (MY24),,Eléctricos puros,M1,2245,17,150,450,73
Lexus UX 300E Business/Business city/Executive/Luxury (MY23),,Eléctricos puros,M1,2245,17,150,450,69
Lexus UX 300E Eco/Business/Executive/Luxury (MY21),,Eléctricos puros,M1,2245,17,150,315,18.1
Lexus UX 300E Eco/Business/Executive/Luxury (MY22),,Eléctricos puros,M1,2245,17,150,315,18.1
Maserati GRANCABRIO FOLGORE M189 2AEA0000C0 6D1AN11N4,,Eléctricos puros,M1,2790,227,572.4,441,
Maserati GRANCABRIO FOLGORE M189 2AEA0000C0 6D1AN21N4,,Eléctricos puros,M1,2790,227,572.4,441,
Maserati GRANTURISMO FOLGORE M189 1AEA0000C0 6D1AN11N4,,Eléctricos puros,M1,2730,223,572.4,450,
Maserati GRANTURISMO FOLGORE M189 1AEA0000C0 6D1AN21N4,,Eléctricos puros,M1,2730,223,572.4,450,
Maserati GRECALE FOLGORE M182 0AEA0000C0 6D1ANN1E5,,Eléctricos puros,M1,3110,239,410,502,
Maserati GRECALE FOLGORE M182 0AEA0000C0 6D1ANN1E5B,,Eléctricos puros,M1,3110,239,410,502,105
MAXUS Euniq 5 52 kWh,,Eléctricos puros,M1,2750,23.1,130,260,52
Mazda MX-30 Eléctrica,,Eléctricos puros,M1,2119,17.9,107,200,100
Mercedes-Benz eCitan eCitan Tourer PRO,,Eléctricos puros,M1,2390,19.2,90,280,45
Mercedes-Benz EQA (H243) 250,,Eléctricos puros,M1,2470,16.9,140,457,66.5
Mercedes-Benz EQA (H243) 250+,,Eléctricos puros,M1,3115,16.4,140,647,70.5
Mercedes-Benz EQA (H243) 300 4MATIC,,Eléctricos puros,M1,3115,18.6,168,499,66.5
Mercedes-Benz EQA (H243) 350 4MATIC,,Eléctricos puros,M1,3195,18.6,215,499,66.5
Mercedes-Benz EQB (X243) 250+,,Eléctricos puros,M1,2540,17.5,140,599,70.5
Mercedes-Benz EQB (X243) 300 4MATIC,,Eléctricos puros,M1,2600,19.2,168,473,66.5
Mercedes-Benz EQB (X243) 350 4MATIC,,Eléctricos puros,M1,2600,19.2,215,473,66.5
Mercedes-Benz EQE Berlina (V295) 300,,Eléctricos puros,M1,2895,19.5,180,597,89
Mercedes-Benz EQE Berlina (V295) 350,,Eléctricos puros,M1,2895,19.5,215,597,89
Mercedes-Benz EQE Berlina (V295) 43 4MATIC,,Eléctricos puros,M1,3095,23.7,350,482,90.6
Mercedes-Benz EQE Berlina (V295) 53 4MATIC+,,Eléctricos puros,M1,3095,22.9,460,475,90.6
Mercedes-Benz EQE SUV (X294) 300,,Eléctricos puros,M1,2995,21.1,180,593,90.6
Mercedes-Benz EQE SUV (X294) 350 4MATIC,,Eléctricos puros,M1,3115,21.8,215,556,90.6
Mercedes-Benz EQE SUV (X294) 350+,,Eléctricos puros,M1,2995,20.8,215,636,96
Mercedes-Benz EQE SUV (X294) 43 4MATIC,,Eléctricos puros,M1,3195,25.4,350,471,90.6
Mercedes-Benz EQE SUV (X294) 500 4MATIC,,Eléctricos puros,M1,3115,21.9,300,594,96
Mercedes-Benz EQE SUV (X294) 53 4MATIC+,,Eléctricos puros,M1,3195,25.4,460,445,90.6
Mercedes-Benz EQS Berlina (V297) 450+,,Eléctricos puros,M1,2945,19.7,265,668,108.4
Mercedes-Benz EQS Berlina (V297) 500 4MATIC,,Eléctricos puros,M1,3060,20.9,330,617,108.4
Mercedes-Benz EQS Berlina (V297) 53 4MATIC+,,Eléctricos puros,M1,3225,24.2,484,500,108.4
Mercedes-Benz EQS SUV (X296) 450 4MATIC,,Eléctricos puros,M1,3410,22.8,265,689,118
Mercedes-Benz EQS SUV (X296) 500 4MATIC,,Eléctricos puros,M1,3410,22.8,330,689,118
Mercedes-Benz EQS SUV (X296) 580 4MATIC,,Eléctricos puros,M1,3410,22.8,400,689,118
Mercedes-Benz EQT EQT,,Eléctricos puros,M1,2390,19.4,90,278,45
Mercedes-Benz EQV (03.2024) EQV 250 Extralargo,,Eléctricos puros,M1,3200,27.4,150,244,90
Mercedes-Benz EQV (03.2024) EQV 250 Largo,,Eléctricos puros,M1,3200,27.1,150,247,90
Mercedes-Benz EQV (03.2024) EQV 300 Largo,,Eléctricos puros,M1,3200,27.1,150,365,90
Mercedes-Benz EQV EQV 250 Extralargo e66,,Eléctricos puros,M1,3500,28.3,150,230,66
Mercedes-Benz EQV EQV 250 Largo e66,,Eléctricos puros,M1,3500,28.1,150,231,66
Mercedes-Benz EQV EQV 300 Extralarga,,Eléctricos puros,M1,3500,28.3,70,353,100
Mercedes-Benz EQV EQV 300 Larga,,Eléctricos puros,M1,3500,28.2,70,355,100
Mercedes-Benz eVITO eVito 126 Tourer Pro Extralarga e66,,Eléctricos puros,M1,3500,27.8,150,233,60
Mercedes-Benz eVITO eVito 126 Tourer Pro Larga e66,,Eléctricos puros,M1,3500,27.7,150,234,60
Mercedes-Benz eVITO eVito 129 Tourer Pro Extralarga 3500,,Eléctricos puros,M1,3500,27.8,70,360,100
Mercedes-Benz eVITO eVito 129 Tourer Pro Larga 3500,,Eléctricos puros,M1,3500,27.7,70,361,100
Mercedes-Benz Vito (03.2024) eVito 126 Tourer PRO Larga,,Eléctricos puros,M1,3200,26.7,150,250,60
Mercedes-Benz Vito (03.2024) eVito 129 Tourer PRO Larga,,Eléctricos puros,M1,3200,26.7,150,371,90
MG MG Marvel R 132 Kw (2WD),,Eléctricos puros,M1,2288,19.4,132,402,72
MG MG Marvel R 212 Kw (4WD),,Eléctricos puros,M1,2373,20.9,212,370,72
MG MG ZS EV MG ZS EV (105 kW) MY2019,,Eléctricos puros,M1,1966,17.9,105,267,44.5
MG MG ZS EV MG ZS EV (105 kW) MY2020,,Eléctricos puros,M1,1966,17.9,105,267,44.5
MG MG ZS EV MG ZS EV (115 kW),,Eléctricos puros,M1,2070,17.8,115,440,72
MG MG ZS EV MG ZS EV (130 kW),,Eléctricos puros,M1,2060,17.3,130,320,51
MG MG4 Electric 170 CV (125 kW) AF5LKEAA,,Eléctricos puros,M1,2083,16.7,125,351,51
MG MG4 Electric 170 CV (125 kW) STD: AF5LKEA,,Eléctricos puros,M1,2103,16.7,125,351,51
MG MG4 Electric 203 CV (150 kW) COM: BF5LKEB,,Eléctricos puros,M1,2133,15.7,150,453,64
MG MG4 Electric 203 CV (150 kW) LUX: BF5LKEE,,Eléctricos puros,M1,2133,16.5,150,436,64
MG MG4 Electric 204 CV (150 kW) BF5LKE??,,Eléctricos puros,M1,2113,15.7,150,464,64
MG MG4 Electric 245 CV (180 kW) CF5LKE?E,,Eléctricos puros,M1,2209,16,180,523,77
MG MG4 Electric 435 CV (320 kW) DF5LKE?D,,Eléctricos puros,M1,2261,18,320,397,66
MG MG5 Electric 115 kW (01-LSJ-I),,Eléctricos puros,M1,2017,15.8,115,402,61.1
MG MG5 Electric 115 kW (03-LSJ-I),,Eléctricos puros,M1,2017,16.7,115,380,61.1
MG MG5 Electric 115 kW (05-LSJ-I),,Eléctricos puros,M1,2017,17,115,402,61.1
MG MG5 Electric 115 kW (07-LSJ-I),,Eléctricos puros,M1,2017,17.6,115,390,61.1
MG MG5 Electric 130 kW (02-LSJ-I),,Eléctricos puros,M1,2017,16.8,130,324,50.3
MG MG5 Electric 130 kW (04-LSJ-I),,Eléctricos puros,M1,2017,17.2,130,318,50.3
MG MG5 Electric 130 kW (06-LSJ-I),,Eléctricos puros,M1,2017,17.4,130,321,50.3
MG MG5 Electric 130 kW (08-LSJ-I),,Eléctricos puros,M1,2017,17.9,130,310,50.3
MINI 3 puertas COOPER SE,,Eléctricos puros,M1,1775,15.3,135,233,32.6
MINI ACEMAN E,,Eléctricos puros,M1,2170,14.2,135,309,42.5
MINI ACEMAN SE,,Eléctricos puros,M1,2235,14,160,404,54.2
MINI CABRIO COOPER SE,,Eléctricos puros,M1,1770,17.2,135,201,32.6
MINI COOPER ELÉCTRICO E,,Eléctricos puros,M1,1990,13.8,135,305,40.7
MINI COOPER ELÉCTRICO SE,,Eléctricos puros,M1,2055,14.1,160,402,54.2
MINI COUNTRYMAN E,,Eléctricos puros,M1,2435,15.7,150,432,65
MINI COUNTRYMAN SE,,Eléctricos puros,M1,2570,16.8,230,462,65
Nissan ARIYA 63kWh 160kW (217CV) 4x2 ADVANCE,,Eléctricos puros,M1,2333,17.7,160,403,63
Nissan ARIYA 63kWh 160kW (217CV) 4x2 ADVANCE  Cargador 22kW,,Eléctricos puros,M1,2333,17.7,160,403,63
Nissan ARIYA 63kWh 160kW (217CV) 4x2 ADVANCE  Cargador 22kW + Techo Solar,,Eléctricos puros,M1,2333,17.8,160,403,63
Nissan ARIYA 63kWh 160kW (217CV) 4x2 ENGAGE,,Eléctricos puros,M1,2333,17.6,160,404,63
Nissan ARIYA 63kWh 160kW (217CV) 4x2 ENGAGE P. Tech,,Eléctricos puros,M1,2333,17.6,160,404,63
Nissan ARIYA 63kWh 160kW (217CV) 4x2 EVOLVE,,Eléctricos puros,M1,2333,17.9,160,397,63
Nissan ARIYA 63kWh 160kW (217CV) 4x2 EVOLVE  Cargador 22kW,,Eléctricos puros,M1,2333,17.9,160,397,63
Nissan ARIYA 87kWh 178kW (242CV) 4x2 ADVANCE,,Eléctricos puros,M1,2460,18.3,178,533,87
Nissan ARIYA 87kWh 178kW (242CV) 4x2 ADVANCE  Cargador 22kW,,Eléctricos puros,M1,2460,18.3,178,533,87
Nissan ARIYA 87kWh 178kW (242CV) 4x2 ADVANCE  Cargador 22kW + Techo Solar,,Eléctricos puros,M1,2460,18.4,178,533,87
Nissan ARIYA 87kWh 178kW (242CV) 4x2 ENGAGE,,Eléctricos puros,M1,2460,18,178,536,87
Nissan ARIYA 87kWh 178kW (242CV) 4x2 ENGAGE P. Tech,,Eléctricos puros,M1,2460,18.1,178,536,87
Nissan ARIYA 87kWh 178kW (242CV) 4x2 EVOLVE,,Eléctricos puros,M1,2460,18.4,178,525,87
Nissan ARIYA 87kWh 178kW (242CV) 4x2 EVOLVE  Cargador 22kW,,Eléctricos puros,M1,2460,18.4,178,525,87
Nissan ARIYA 87kWh 178kW (242CV) 4x2 EVOLVE P. Sport,,Eléctricos puros,M1,2460,18.6,178,525,87
Nissan ARIYA 87kWh 225kW (306CV) e-4ORCE ADVANCE,,Eléctricos puros,M1,2590,19.9,225,509,87
Nissan ARIYA 87kWh 225kW (306CV) e-4ORCE ADVANCE Cargador 22kW,,Eléctricos puros,M1,2590,19.9,225,509,87
Nissan ARIYA 87kWh 225kW (306CV) e-4ORCE ADVANCE Cargador 22kWh Techo Solar,,Eléctricos puros,M1,2590,20.3,225,509,87
Nissan ARIYA 87kWh 225kW (306CV) e-4ORCE EVOLVE,,Eléctricos puros,M1,2590,19.9,225,509,87
Nissan ARIYA 87kWh 225kW (306CV) e-4ORCE EVOLVE Cargador 22kW,,Eléctricos puros,M1,2590,19.9,225,509,87
Nissan ARIYA 87kWh 225kW (306CV) e-4ORCE EVOLVE Cargador 22kW Pack Sport,,Eléctricos puros,M1,2590,20.3,225,509,87
Nissan ARIYA 87kWh 290kW (394CV) Perf. e-4ORCE EVOLVE+,,Eléctricos puros,M1,2590,20.4,290,498,87
Nissan ARIYA 87kWh 290kW (394CV) Perf. e-4ORCE EVOLVE+ Cargador 22kW,,Eléctricos puros,M1,2590,20.4,290,498,87
Nissan ARIYA ADVANCE + Cargador 22kW + Techo Solar B. 63kWh 160kW (218CV) 4x2,,Eléctricos puros,M1,1914,17.6,160,403,63
Nissan ARIYA ADVANCE + Cargador 22kW B. 63kWh 160kW (218CV) 4x2,,Eléctricos puros,M1,1914,17.6,160,403,63
Nissan ARIYA ADVANCE + Techo Solar B. 63kWh 160kW (218CV) 4x2,,Eléctricos puros,M1,1914,17.6,160,403,63
Nissan ARIYA ADVANCE B. 63kWh 160kW (218CV) 4x2,,Eléctricos puros,M1,1914,17.6,160,403,63
Nissan ARIYA EVOLVE + Cargador 22kW + Llantas aleación 20 + Piel Nappa B. 63kWh 160kW (218CV) 4x2,,Eléctricos puros,M1,1948,17.8,160,398,63
Nissan ARIYA EVOLVE + Cargador 22kW + Llantas aleación 20 + Piel Nappa B. 87kWh 178kW (242CV) 4x2,,Eléctricos puros,M1,2089,18.5,178,520,87
Nissan ARIYA EVOLVE + Cargador 22kW + Llantas aleación 20 + Piel Nappa B. 87kWh 225kW (306CV) 4x4 e-4ORCE,,Eléctricos puros,M1,2218,19.5,225,493,87
Nissan ARIYA EVOLVE + Cargador 22kW B. 63kWh 160kW (218CV) 4x2,,Eléctricos puros,M1,1948,17.8,160,398,63
Nissan ARIYA EVOLVE + Cargador 22kW B. 87kWh 178kW (242CV) 4x2,,Eléctricos puros,M1,2089,18.5,178,520,87
Nissan ARIYA EVOLVE + Cargador 22kW B. 87kWh 225kW (306CV) 4x4 e-4ORCE,,Eléctricos puros,M1,2218,19.5,225,493,87
Nissan ARIYA EVOLVE + Llantas aleación 20 + Piel Nappa B. 63kWh 160kW (218CV) 4x2,,Eléctricos puros,M1,1948,17.8,160,398,63
Nissan ARIYA EVOLVE + Llantas aleación 20 + Piel Nappa B. 87kWh 178kW (242CV) 4x2,,Eléctricos puros,M1,2089,18.5,178,520,87
Nissan ARIYA EVOLVE + Llantas aleación 20 + Piel Nappa B. 87kWh 225kW (306CV) 4x4 e-4ORCE,,Eléctricos puros,M1,2218,19.5,225,493,87
Nissan ARIYA EVOLVE B. 63kWh 160kW (218CV) 4x2,,Eléctricos puros,M1,1948,17.8,160,398,63
Nissan ARIYA EVOLVE B. 87kWh 178kW (242CV) 4x2,,Eléctricos puros,M1,2089,18.5,178,520,87
Nissan ARIYA EVOLVE B. 87kWh 225kW (306CV) 4x4 e-4ORCE,,Eléctricos puros,M1,2218,19.5,225,493,87
Nissan eNV200 Combi 5p 40 kWh,,Eléctricos puros,M1,2250,25.9,80,200,40
Nissan eNV200 Evalia 5 40 kWh,,Eléctricos puros,M1,2250,25.9,80,200,40
Nissan eNV200 Evalia 7 40 kWh,,Eléctricos puros,M1,2250,25.9,80,200,40
Nissan LEAF 40kWh 2.ZERO,,Eléctricos puros,M1,1995,20.6,110,270,40
Nissan LEAF 40kWh Access,,Eléctricos puros,M1,1995,20.6,110,270,40
Nissan LEAF 40kWh Acenta,,Eléctricos puros,M1,1995,20.6,110,270,40
Nissan LEAF 40kWh N-Connecta,,Eléctricos puros,M1,1995,20.6,110,270,40
Nissan LEAF 40kWh Tekna,,Eléctricos puros,M1,1995,20.6,110,270,40
Nissan LEAF 40kWh Visia,,Eléctricos puros,M1,1995,20.6,110,285,40
Nissan LEAF 62kWh e+ Acenta,,Eléctricos puros,M1,2140,18.5,160,385,62
Nissan LEAF 62kWh e+ N-Connecta,,Eléctricos puros,M1,2140,18.5,160,385,62
Nissan LEAF 62kWh e+ Tekna,,Eléctricos puros,M1,2140,18.5,160,385,62
OMODA Omoda E5 COMFORT 150kW (204cv),,Eléctricos puros,M1,2246,15.6,150,430,61.1
OMODA Omoda E5 PREMIUM 150kW (204cv),,Eléctricos puros,M1,2246,15.6,150,430,61.1
Opel Astra 5P Electric (MY24.0) Edition Electric 54kWh 156 CV (115kW),,Eléctricos puros,M1,2100,14.8,115,419,54
Opel Astra 5P Electric (MY24.0) GS Electric 54kWh 156 CV (115kW),,Eléctricos puros,M1,2100,14.8,115,419,54
Opel Astra ST Electric (MY24.0) Edition Electric 54kWh 156 CV (115kW),,Eléctricos puros,M1,2175,15,115,413,54
Opel Astra ST Electric (MY24.0) GS Electric 54kWh 156 CV (115kW),,Eléctricos puros,M1,2175,15,115,413,54
Opel Combo Nuevo Combo Electric 100Kw & 50kWh Batería,,Eléctricos puros,M1,2360,18,100,345,50
Opel Combo Nuevo Combo Electric GS 100Kw & 50kWh Batería,,Eléctricos puros,M1,2360,18.3,100,341,50
Opel Combo Nuevo Combo Electric XL 100Kw & 50kWh Batería,,Eléctricos puros,M1,2390,18.4,100,338,50
Opel Combo Nuevo Combo Electric XL GS 100Kw & 50kWh Batería,,Eléctricos puros,M1,2390,18.6,100,336,50
Opel Combo-e Life (MY22.0) EDITION 100kw / 136 CV,,Eléctricos puros,M1,2290,19.2,100,287,50
Opel Combo-e Life (MY22.0) ELEGANCE 100kw / 136 CV,,Eléctricos puros,M1,2290,19.5,100,283,50
Opel Combo-e Life (MY22.0) ELEGANCE 100kw / 136 CV,,Eléctricos puros,M1,2320,19.9,100,279,50
Opel Combo-e Life (MY22.0) ELEGANCE PLUS 100kw / 136 CV,,Eléctricos puros,M1,2290,19.8,100,280,50
Opel Combo-e Life (MY23B) Combo -e Life L Edition 100kw / 136 CV,,Eléctricos puros,M1,2290,19.2,100,287,50
Opel Combo-e Life (MY23B) Combo -e Life L Edition Plus 100kw / 136 CV,,Eléctricos puros,M1,2290,19.2,100,287,50
Opel Combo-e Life (MY23B) Combo -e Life L Elegance Plus 100kw / 136 CV,,Eléctricos puros,M1,2290,19.8,100,280,50
Opel Combo-e Life (MY23B) Combo -e Life XL Edition 100kw / 136 CV,,Eléctricos puros,M1,2290,19.2,100,287,50
Opel Combo-e Life (MY23B) Combo -e Life XL Edition Plus 100kw / 136 CV,,Eléctricos puros,M1,2290,19.2,100,287,50
Opel Combo-e Life (MY23B) Combo -e Life XL Elegance Plus 100kw / 136 CV,,Eléctricos puros,M1,2290,19.8,100,280,50
Opel Corsa Electric (MY24.0) Edition Electric 50kWh 136 CV (100kW),,Eléctricos puros,M1,1920,15.8,100,354,50
Opel Corsa Electric (MY24.0) GS Electric 51kWh Long Range 156 CV (115kW),,Eléctricos puros,M1,1920,14.2,115,405,51
Opel Corsa-e (MY20.0) Edition-e BEV 50kWh 136 CV (100kW),,Eléctricos puros,M1,1916,17,100,330,50
Opel Corsa-e (MY20.0) First Edition BEV 50kWh 136 CV (100kW),,Eléctricos puros,M1,1916,17,100,330,50
Opel Corsa-e (MY20.0) Selection-e BEV 50kWh 136 CV (100kW),,Eléctricos puros,M1,1916,17,100,330,50
Opel Corsa-e (MY20.5) Edition-e BEV 50kWh 136 CV (100kW),,Eléctricos puros,M1,1916,17,100,330,50
Opel Corsa-e (MY20.5) Elegance-e BEV 50kWh 136 CV (100kW),,Eléctricos puros,M1,1916,17,100,330,50
Opel Corsa-e (MY20.5) First Edition BEV 50kWh 136 CV (100kW),,Eléctricos puros,M1,1916,17,100,330,50
Opel Corsa-e (MY20.5) Selection-e BEV 50kWh 136 CV (100kW),,Eléctricos puros,M1,1916,17,100,330,50
Opel Corsa-e (MY21.A) Edition-e BEV 50kWh 136 CV (100kW),,Eléctricos puros,M1,1916,17,100,337,50
Opel Corsa-e (MY21.A) Elegance-e BEV 50kWh 136 CV (100kW),,Eléctricos puros,M1,1916,17,100,337,50
Opel Corsa-e (MY21.A) GS Line + - e BEV 50kWh 136 CV (100kW),,Eléctricos puros,M1,1916,17,100,337,50
Opel Corsa-e (MY21.A) Ultimate-e BEV 50kWh 136 CV (100kW),,Eléctricos puros,M1,1916,17,100,337,50
Opel Corsa-e (MY21.B) Edition-e BEV 50kWh 136 CV (100kW),,Eléctricos puros,M1,1916,17,100,337,50
Opel Corsa-e (MY21.B) Elegance-e BEV 50kWh 136 CV (100kW),,Eléctricos puros,M1,1916,17,100,337,50
Opel Corsa-e (MY21.B) GS Line + - e BEV 50kWh 136 CV (100kW),,Eléctricos puros,M1,1916,17,100,337,50
Opel Corsa-e (MY21.B) Ultimate-e BEV 50kWh 136 CV (100kW),,Eléctricos puros,M1,1916,17,100,337,50
Opel Corsa-e (MY21.C) Design & Tech BEV 50kWh 136 CV (100kW),,Eléctricos puros,M1,1920,16.2,100,345,50
Opel Corsa-e (MY21.C) Edition-e BEV 50kWh 136 CV (100kW),,Eléctricos puros,M1,1916,17,100,337,50
Opel Corsa-e (MY21.C) Elegance-e BEV 50kWh 136 CV (100kW),,Eléctricos puros,M1,1916,17,100,337,50
Opel Corsa-e (MY21.C) GS Line + - e BEV 50kWh 136 CV (100kW),,Eléctricos puros,M1,1916,17,100,337,50
Opel Corsa-e (MY21.C) Ultimate-e BEV 50kWh 136 CV (100kW),,Eléctricos puros,M1,1916,17,100,337,50
Opel Corsa-e (MY22.0) 40 Aniversario BEV 50kWh 136 CV (100kW),,Eléctricos puros,M1,1920,16.2,100,353,50
Opel Corsa-e (MY22.0) Edition-e BEV 50kWh 136 CV (100kW),,Eléctricos puros,M1,1920,15.9,100,351,50
Opel Corsa-e (MY22.0) Elegance-e BEV 50kWh 136 CV (100kW),,Eléctricos puros,M1,1920,16.2,100,345,50
Opel Corsa-e (MY22.0) GS-Line-e BEV 50kWh 136 CV (100kW),,Eléctricos puros,M1,1920,16.2,100,345,50
Opel Corsa-e (MY22.0) Ultimate-e BEV 50kWh 136 CV (100kW),,Eléctricos puros,M1,1920,15.9,100,351,50
Opel Corsa-e (MY23.0) Edition BEV 50kWh 136 CV (100kW),,Eléctricos puros,M1,1920,15.5,100,361,50
Opel Corsa-e (MY23.0) Elegance BEV 50kWh 136 CV (100kW),,Eléctricos puros,M1,1920,15.5,100,361,50
Opel Corsa-e (MY23.0) GS BEV 50kWh 136 CV (100kW),,Eléctricos puros,M1,1920,15.5,100,361,50
Opel Mokka (MY21.0) Mokka-e BEV 50kWh Business Elegance,,Eléctricos puros,M1,2015,17.8,100,324,50
Opel Mokka (MY21.0) Mokka-e BEV 50kWh Edition,,Eléctricos puros,M1,2015,17.8,100,324,50
Opel Mokka (MY21.0) Mokka-e BEV 50kWh GS Line,,Eléctricos puros,M1,2015,17.8,100,324,50
Opel Mokka (MY21.0) Mokka-e BEV 50kWh Ultimate,,Eléctricos puros,M1,2015,17.8,100,324,50
Opel Mokka-e (MY22.0) Business elegance-e BEV 136 cv (100kW),,Eléctricos puros,M1,2015,17,100,363,50
Opel Mokka-e (MY22.0) Edition-e BEV 136 cv (100kW),,Eléctricos puros,M1,2015,17,100,363,50
Opel Mokka-e (MY22.0) GS line-e BEV 136 cv (100kW),,Eléctricos puros,M1,2015,17,100,363,50
Opel Mokka-e (MY22.0) Ultimate-e BEV 136 cv (100kW),,Eléctricos puros,M1,2015,17,100,363,50
Opel Mokka-e (MY23.0) GS-e 136 cv (100kW),,Eléctricos puros,M1,2015,16.7,57,324,50
Opel Mokka-e (MY23.0) Ultimate-e 136 cv (100kW),,Eléctricos puros,M1,2015,16.7,57,324,50
Opel Mokka-e (MY24.0) EDITION-e 136 CV (100kW),,Eléctricos puros,M1,2015,16.7,100,324,50
Opel Mokka-e (MY24.0) GS-e 136 CV (100kW),,Eléctricos puros,M1,2015,16.7,100,324,50
Opel Mokka-e (MY24.0) GS-e 156 CV (115kW),,Eléctricos puros,M1,2015,16.4,115,374,51
Opel Mokka-e (MY24.0) ULTIMATE-e 136 CV (100kW),,Eléctricos puros,M1,2015,16.7,100,324,50
Opel Mokka-e (MY24.0) ULTIMATE-e 156 CV (115kW),,Eléctricos puros,M1,2015,16.4,115,374,51
Opel Vivaro Combi Nuevo Vivaro Combi Electric Motor 100 kW + 50 kWh Batería,,Eléctricos puros,M1,3000,239,100,220,50
Opel Vivaro Combi Nuevo Vivaro Combi Electric Motor 100 kW + 75 kWh Batería,,Eléctricos puros,M1,3100,240,100,348,75
Opel Vivaro Combi Nuevo Vivaro Combi Electric XL Motor 100 kW + 50 kWh Batería,,Eléctricos puros,M1,3030,224,100,234,50
Opel Vivaro Combi Nuevo Vivaro Combi Electric XL Motor 100 kW + 75 kWh Batería,,Eléctricos puros,M1,3130,242,100,345,75
"Opel Vivaro Combi-e (MY22.0) Opel Vivaro Combi-e (MY22,0) L EXPRESS BEV 230 100kw / 136 CV",,Eléctricos puros,M1,3030,28.2,100,238,50
"Opel Vivaro Combi-e (MY22.0) Opel Vivaro Combi-e (MY22,0) L EXPRESS BEV 330 100kw / 136 CV",,Eléctricos puros,M1,3100,29.5,100,315,75
"Opel Vivaro Combi-e (MY22.0) Opel Vivaro Combi-e (MY22,0) M EXPRESS BEV 230 100kw / 136 CV",,Eléctricos puros,M1,3015,28.1,100,220,50
"Opel Vivaro Combi-e (MY22.0) Opel Vivaro Combi-e (MY22,0) M EXPRESS BEV 330 100kw / 136 CV",,Eléctricos puros,M1,3100,29.5,100,317,75
Opel Vivaro-e (MY 21.0) Combi Express L BEV 230 136 CV (100KW),,Eléctricos puros,M1,3030,24.7,100,231,50
Opel Vivaro-e (MY 21.0) Combi Express L BEV 330 136 CV (100KW),,Eléctricos puros,M1,3100,25.9,100,329,75
Opel Vivaro-e (MY 21.0) Combi Express M BEV 230 136 CV (100KW),,Eléctricos puros,M1,3015,24.7,100,231,50
Opel Vivaro-e (MY 21.0) Combi Express M BEV 330 136 CV (100KW),,Eléctricos puros,M1,3100,25.9,100,329,75
Opel Vivaro-e (MY 21.0) Combi Express S BEV 230 136 CV (100KW),,Eléctricos puros,M1,2925,24.7,100,231,50
Opel Zafira  Nuevo Zafira Electric GS Motor 100 kW + 75 kWh Batería,,Eléctricos puros,M1,3100,241,100,346,75
Opel Zafira  Nuevo Zafira Electric Motor 100 kW + 50 kWh Batería,,Eléctricos puros,M1,2941,240,100,220,50
Opel Zafira  Nuevo Zafira Electric Motor 100 kW + 75 kWh Batería,,Eléctricos puros,M1,3100,224,100,371,75
Opel Zafira  Nuevo Zafira Electric XL GS Motor 100 kW + 75 kWh Batería,,Eléctricos puros,M1,3090,243,100,343,75
Opel Zafira  Nuevo Zafira Electric XL Motor 100 kW + 50 kWh Batería,,Eléctricos puros,M1,2941,242,100,218,50
Opel Zafira  Nuevo Zafira Electric XL Motor 100 kW + 75 kWh Batería,,Eléctricos puros,M1,3090,264,100,313,75
Opel Zafira-e Life (MY21.0) Business Edition L BEV 230 136 CV (100 KW),,Eléctricos puros,M1,3030,24.7,100,231,50
Opel Zafira-e Life (MY21.0) Business Edition L BEV 330 136 CV (100 KW),,Eléctricos puros,M1,3100,25.9,100,329,75
Opel Zafira-e Life (MY21.0) Business Edition M BEV 230 136 CV (100 KW),,Eléctricos puros,M1,3015,24.7,100,231,50
Opel Zafira-e Life (MY21.0) Business Edition M BEV 330 136 CV (100 KW),,Eléctricos puros,M1,3100,25.9,100,329,75
Opel Zafira-e Life (MY21.0) Business Edition S BEV 230 136 CV (100 KW),,Eléctricos puros,M1,2925,24.7,100,231,50
Opel Zafira-e Life (MY21.0) Business Elegance L BEV 230 136 CV (100 KW),,Eléctricos puros,M1,2830,24.7,100,231,50
Opel Zafira-e Life (MY21.0) Business Elegance L BEV 330 136 CV (100 KW),,Eléctricos puros,M1,2970,25.9,100,329,75
Opel Zafira-e Life (MY21.0) Business Elegance M BEV 230 136 CV (100 KW),,Eléctricos puros,M1,2810,24.7,100,231,50
Opel Zafira-e Life (MY21.0) Business Elegance M BEV 330 136 CV (100 KW),,Eléctricos puros,M1,2965,25.9,100,329,75
Opel Zafira-e Life (MY21.0) Edition L BEV 230 136 CV (100 KW),,Eléctricos puros,M1,2965,24.7,100,231,50
Opel Zafira-e Life (MY21.0) Edition L BEV 330 136 CV (100 KW),,Eléctricos puros,M1,3100,25.9,100,329,75
Opel Zafira-e Life (MY21.0) Edition M BEV 230 136 CV (100 KW),,Eléctricos puros,M1,2950,24.7,100,231,50
Opel Zafira-e Life (MY21.0) Edition M BEV 330 136 CV (100 KW),,Eléctricos puros,M1,3100,25.9,100,329,75
Opel Zafira-e Life (MY21.0) Edition S BEV 230 136 CV (100 KW),,Eléctricos puros,M1,2855,24.7,100,231,50
Opel Zafira-e Life (MY21.0) Elegance L BEV 230 136 CV (100 KW),,Eléctricos puros,M1,2965,24.7,100,231,50
Opel Zafira-e Life (MY21.0) Elegance L BEV 330 136 CV (100 KW),,Eléctricos puros,M1,3100,25.9,100,329,75
Opel Zafira-e Life (MY21.0) Elegance M BEV 230 136 CV (100 KW),,Eléctricos puros,M1,2950,24.7,100,231,50
Opel Zafira-e Life (MY21.0) Elegance M BEV 330 136 CV (100 KW),,Eléctricos puros,M1,3100,25.9,100,329,75
Peugeot 308 5P Allure Eléctrico 156 (115 Kw),,Eléctricos puros,M1,2110,14.4,115,413,54
Peugeot 308 5P GT Eléctrico 156 (115 Kw),,Eléctricos puros,M1,2110,14.4,115,413,54
Peugeot 308 SW Allure Eléctrico 156 (115 Kw),,Eléctricos puros,M1,2175,14.4,115,413,54
Peugeot 308 SW GT Eléctrico 156 (115 Kw),,Eléctricos puros,M1,2175,14.4,115,413,54
Peugeot E-308 5P Allure Eléctrico 156 (115 Kw),,Eléctricos puros,M1,2110,14.4,115,413,54
Peugeot E-308 5P GT Eléctrico 156 (115 Kw),,Eléctricos puros,M1,2110,14.4,115,413,54
Peugeot E-308 SW Allure Eléctrico 156 (115 Kw),,Eléctricos puros,M1,2175,14.4,115,413,54
Peugeot E-308 SW GT Eléctrico 156 (115 Kw),,Eléctricos puros,M1,2175,14.4,115,413,54
Peugeot Expert Combi e-Expert Combi Eléctrico 100 Kw Batería 50 Kwh Compact,,Eléctricos puros,M1,2925,281.6,100,196,50
Peugeot Expert Combi e-Expert Combi Eléctrico 100 Kw Batería 50 Kwh Long,,Eléctricos puros,M1,3030,281.6,100,196,50
Peugeot Expert Combi e-Expert Combi Eléctrico 100 Kw Batería 50 Kwh Standard,,Eléctricos puros,M1,3015,281.6,100,196,50
Peugeot Expert Combi e-Expert Combi Eléctrico 100 Kw Batería 75 Kwh Long,,Eléctricos puros,M1,3100,294.9,100,285,75
Peugeot Expert Combi e-Expert Combi Eléctrico 100 Kw Batería 75 Kwh Standard,,Eléctricos puros,M1,3100,294.9,100,285,75
Peugeot ION ION,,Eléctricos puros,M1,1450,126,35,150,14.5
Peugeot N2008 Active Eléctrico 156 (115Kw),,Eléctricos puros,M1,2030,14.2,115,434,54
Peugeot N2008 Allure Eléctrico 156 (115Kw),,Eléctricos puros,M1,2030,14.2,115,434,54
Peugeot N2008 First Edition Eléctrico 156 (115Kw),,Eléctricos puros,M1,2030,14.2,115,434,54
Peugeot N2008 GT Eléctrico 136 (100 Kw),,Eléctricos puros,M1,2030,16.7,100,345,50
Peugeot N2008 GT Eléctrico 156 (115Kw),,Eléctricos puros,M1,2030,14.2,115,434,54
Peugeot Nuevo 2008 2008 Active Eléctrico 136 Cv (100 Kw),,Eléctricos puros,M1,2030,,100,310,50
Peugeot Nuevo 2008 2008 Active Pack Eléctrico 136 Cv (100 Kw),,Eléctricos puros,M1,2030,,100,310,50
Peugeot Nuevo 2008 2008 Allure Eléctrico 136 Cv (100 Kw),,Eléctricos puros,M1,2030,,100,310,50
Peugeot Nuevo 2008 2008 Allure Pack Eléctrico 136 Cv (100 Kw),,Eléctricos puros,M1,2030,,100,310,50
Peugeot Nuevo 2008 2008 GT Eléctrico 136 Cv (100 Kw),,Eléctricos puros,M1,2030,,100,310,50
Peugeot Nuevo 2008 2008 GT Line Eléctrico 136 Cv (100 Kw),,Eléctricos puros,M1,2030,,100,310,50
Peugeot Nuevo 2008 2008 GT Pack Eléctrico 136 Cv (100 Kw),,Eléctricos puros,M1,2030,,100,310,50
Peugeot Nuevo 2008 2008 Style eléctrico 136 (100Kw),,Eléctricos puros,M1,2030,17.6,100,324,50
Peugeot Nuevo 208 208 5P Active Eléctrico 136,,Eléctricos puros,M1,1910,175.8,100,313,50
Peugeot Nuevo 208 208 5P Active Eléctrico Gen2 115,,Eléctricos puros,M1,1910,15.4,115,398,51
Peugeot Nuevo 208 208 5P Active Pack Eléctrico 136,,Eléctricos puros,M1,1910,175.8,100,313,50
Peugeot Nuevo 208 208 5P Allure Eléctrico 100,,Eléctricos puros,M1,1910,175.8,100,313,50
Peugeot Nuevo 208 208 5P Allure Eléctrico 136,,Eléctricos puros,M1,1910,175.8,100,313,50
Peugeot Nuevo 208 208 5P Allure Eléctrico Gen2 115,,Eléctricos puros,M1,1910,15.4,115,398,51
Peugeot Nuevo 208 208 5P Allure Pack Eléctrico 136,,Eléctricos puros,M1,1910,175.8,100,313,50
Peugeot Nuevo 208 208 5P GT Eléctrico 100,,Eléctricos puros,M1,1910,175.8,100,313,50
Peugeot Nuevo 208 208 5P GT Eléctrico 136,,Eléctricos puros,M1,1910,175.8,100,313,50
Peugeot Nuevo 208 208 5P GT Eléctrico Gen2 115,,Eléctricos puros,M1,1910,15.4,115,398,51
Peugeot Nuevo 208 208 5P GT Line Eléctrico 100,,Eléctricos puros,M1,1910,175.8,100,313,50
Peugeot Nuevo 208 208 5P GT Pack Eléctrico 136,,Eléctricos puros,M1,1910,175.8,100,313,50
Peugeot Nuevo 208 208 5P Style Eléctrico 100,,Eléctricos puros,M1,1910,17.6,100,313,50
Peugeot Nuevo E-208 5P Active Eléctrico 136 Kw (100 Kw),,Eléctricos puros,M1,1910,15.4,100,363,46
Peugeot Nuevo E-208 5P Allure Eléctrico 136 Kw (100 Kw),,Eléctricos puros,M1,1910,15.5,100,361,46
Peugeot Nuevo E-208 5P GT Eléctrico 136 Kw (100 Kw),,Eléctricos puros,M1,1910,16,100,351,46
Peugeot Nuevo E-208 5P GT Eléctrico 156 Kw (115 Kw),,Eléctricos puros,M1,1910,14.4,115,400,48
Peugeot Nuevo E-3008 Allure Eléctrico 210 (157 Kw),,Eléctricos puros,M1,2640,16.7,157,527,73
Peugeot Nuevo E-3008 GT Eléctrico 210 (157 Kw),,Eléctricos puros,M1,2640,16.7,157,527,73
Peugeot Partner Tepee Active Eléctrico,,Eléctricos puros,M1,2175,,35,249,51
Peugeot Rifter e-Rifter Active Pack Long 100 Kw,,Eléctricos puros,M1,2320,22.7,100,245,50
Peugeot Rifter e-Rifter Active Pack Standard 100 Kw,,Eléctricos puros,M1,2305,22.7,100,245,50
Peugeot Rifter e-Rifter Allure Long 100 Kw,,Eléctricos puros,M1,2320,22.7,100,245,50
Peugeot Rifter e-Rifter Allure Pack Long 100 Kw,,Eléctricos puros,M1,2320,22.7,100,245,50
Peugeot Rifter e-Rifter Allure Pack Standard 100 Kw,,Eléctricos puros,M1,2305,22.7,100,245,50
Peugeot Rifter e-Rifter Allure Standard 100 Kw,,Eléctricos puros,M1,2305,22.7,100,245,50
Peugeot Rifter e-Rifter GT Long 100 Kw,,Eléctricos puros,M1,2320,22.7,100,245,50
Peugeot Rifter e-Rifter GT Standard 100 Kw,,Eléctricos puros,M1,2305,22.7,100,245,50
Peugeot Traveller e-Traveller Active Eléctrico 100 Kw Batería 75 Kwh Standard,,Eléctricos puros,M1,3100,294.9,100,285,75
Peugeot Traveller e-Traveller Allure Eléctrico 100 Kw Batería 75 Kwh Standard,,Eléctricos puros,M1,3100,294.9,100,285,75
Peugeot Traveller e-Traveller Business Eléctrico 100 Kw Batería 50 Kwh Compact,,Eléctricos puros,M1,2925,281.6,100,196,50
Peugeot Traveller e-Traveller Business Eléctrico 100 Kw Batería 50 Kwh Long,,Eléctricos puros,M1,3030,281.6,100,196,50
Peugeot Traveller e-Traveller Business Eléctrico 100 Kw Batería 50 Kwh Standard,,Eléctricos puros,M1,3015,281.6,100,196,50
Peugeot Traveller e-Traveller Business Eléctrico 100 Kw Batería 75 Kwh Long,,Eléctricos puros,M1,3100,294.9,100,285,75
Peugeot Traveller e-Traveller Business Eléctrico 100 Kw Batería 75 Kwh Standard,,Eléctricos puros,M1,3100,294.9,100,285,75
Polestar Polestar 2 Dual Motor Long Range,,Eléctricos puros,M1,2600,20.2,300,482,78
Polestar Polestar 2 Dual Motor Long Range Performance,,Eléctricos puros,M1,2600,20.2,350,482,78
Polestar Polestar 2 Single Motor Long Range,,Eléctricos puros,M1,2490,18.6,170,542,78
Polestar Polestar 2 Single Motor Standard Range,,Eléctricos puros,M1,2390,17.9,170,474,69
Porsche Taycan 4 Cross Turismo (4 plazas),,Eléctricos puros,M1,2885,16.6,320,676,79.2
Porsche Taycan 4 Cross Turismo (5 plazas),,Eléctricos puros,M1,2885,16.6,320,676,79.2
Porsche Taycan 4S Cross Turismo (4 plazas),,Eléctricos puros,M1,2885,16.6,380,676,79.2
Porsche Taycan 4S Cross Turismo (5 plazas),,Eléctricos puros,M1,2885,16.6,380,676,79.2
Porsche Taycan 4S Sport Limousine (4 plazas),,Eléctricos puros,M1,2880,16.6,340,588,79.2
Porsche Taycan 4S Sport Limousine (5 plazas),,Eléctricos puros,M1,2880,16.6,340,588,79.2
Porsche Taycan 4S Sport Limousine (Altas Prestaciones) (4 plazas),,Eléctricos puros,M1,2880,16.6,380,676,93.4
Porsche Taycan 4S Sport Limousine (Altas Prestaciones) (5 plazas),,Eléctricos puros,M1,2880,16.6,380,676,93.4
Porsche Taycan 4S Sport Turismo (4 o 5 plazas),,Eléctricos puros,M1,2875,16.6,340,588,79.2
Porsche Taycan 4S Sport Turismo (Altas Prestaciones) (4 o 5 plazas),,Eléctricos puros,M1,2875,16.6,380,676,93.4
Porsche Taycan Sport Limousine (5 plazas),,Eléctricos puros,M1,2795,15.3,300,632,79.2
Porsche Taycan Sport Limousine (Altas Prestaciones) (5 plazas),,Eléctricos puros,M1,2795,15.7,320,726,93.4
Porsche Taycan Sport Turismo (4 plazas),,Eléctricos puros,M1,2795,15.3,300,632,79.2
Porsche Taycan Sport Turismo (Altas Prestaciones) (4 plazas),,Eléctricos puros,M1,2795,15.7,320,726,93.4
Porsche Taycan Turbo Cross Turismo (4 o 5 plazas),,Eléctricos puros,M1,2880,16.6,520,671,93.4
Porsche Taycan Turbo GT Sport Limousine (2 plazas),,Eléctricos puros,M1,2470,19.4,581,589,93.4
Porsche Taycan Turbo GT Sport Limousine (4 plazas),,Eléctricos puros,M1,2710,19.4,581,589,93.4
Porsche Taycan Turbo S Cross Turismo (4 o 5 plazas),,Eléctricos puros,M1,2880,16.7,570,665,93.4
Porsche Taycan Turbo S Sport Limousine (4 o 5 plazas),,Eléctricos puros,M1,2870,16.7,570,665,93.4
Porsche Taycan Turbo S Sport Turismo (4 o 5 plazas),,Eléctricos puros,M1,2870,16.7,570,665,93.4
Porsche Taycan Turbo Sport Limousine (4 o 5 plazas),,Eléctricos puros,M1,2880,16.6,520,671,93.4
Porsche Taycan Turbo Sport Turismo (4 o 5 plazas),,Eléctricos puros,M1,2880,16.6,520,671,93.4
"Renault Megane E-TECH 100% eléctrico  EV40 130 cv standard charge (semi: EQU M J2 N, EQU R J2 N)",,Eléctricos puros,M1,2050,14.8,96,310,40
"Renault Megane E-TECH 100% eléctrico EV40 130 cv boost charge (semi: ZEN M J2 N, INT M J2 N)",,Eléctricos puros,M1,2050,14.7,96,310,40
Renault Megane E-TECH 100% eléctrico EV40 130 cv standard charge (semi: ZEN M J2 NE / INT M J2 NE),,Eléctricos puros,M1,2017,16.2,96,300,40
Renault Megane E-TECH 100% eléctrico EV60 130 cv optimum charge (semi: 2BUS M J2 L),,Eléctricos puros,M1,2116,15.9,96,470,60
"Renault Megane E-TECH 100% eléctrico EV60 130 cv optimum charge (semi: EVE2M J2 L, EVE2H J2 L, EVE2R J2 L)",,Eléctricos puros,M1,2137,15.9,96,470,60
Renault Megane E-TECH 100% eléctrico EV60 130 cv super charge (semi: BUS M J2 L),,Eléctricos puros,M1,2116,15.7,96,470,60
Renault Megane E-TECH 100% eléctrico EV60 220 cv optimum charge (semi: 2ZEN M J1 L / 2INT M J1 L / 2PRE M J1 L),,Eléctricos puros,M1,2158,16.4,160,450,60
"Renault Megane E-TECH 100% eléctrico EV60 220 cv optimum charge (semi: TEC2M J1 L, ICO2M J1 L, TEC2H J1 L, ICO2H J1 L)",,Eléctricos puros,M1,2158,16.4,160,450,60
"Renault Megane E-TECH 100% eléctrico EV60 220 cv super charge (semi: TEC M J1 L, TEC H J1 L, TEC R J1 L)",,Eléctricos puros,M1,2158,16.3,160,450,60
"Renault Megane E-TECH 100% eléctrico EV60 220 cv super charge (semi: TEC2R J1 L, ICO2R J1 L)",,Eléctricos puros,M1,2158,16.4,160,450,60
Renault Megane E-TECH 100% eléctrico EV60 220 cv super charge (semi: ZEN M J1 L / INT M J1 L / PRE M J1 L),,Eléctricos puros,M1,2158,16.3,160,450,60
"Renault Megane E-TECH 100% eléctrico GSR2 160 kW (220 cv) autonomía confort (Semi: TEC G J1 L, ICO G J1 L)",,Eléctricos puros,M1,2165,143.7,160,638,60
Renault Megane E-TECH 100% eléctrico GSR2 96 kW (130 cv) autonomía confort (Semi: EVO G J2 L),,Eléctricos puros,M1,2145,143.7,96,638,60
Renault Megane E-TECH 100% eléctrico GSR2 96 kW (130 cv) autonomía urbana (Semi: EVO G J2 N),,Eléctricos puros,M1,2060,139.2,96,429,40
Renault NUEVO KANGOO COMBI E-TECH 100% eléctrico KV2 L1 11kW (semi:K1E2JA 19B / K1E3JA 19B),,Eléctricos puros,M1,2370,173.8,90,304,45
Renault NUEVO KANGOO COMBI E-TECH 100% eléctrico KV2 L1 22kW (semi: K1E2JA 10B / K1E3JA 10B),,Eléctricos puros,M1,2370,174.5,90,300,45
"Renault Nuevo Scenic E-Tech 100% eléctrico EV60 125 kW (170CV) autonomía confort (semi: EA2 M J8 L, EA3 M J8 L)",,Eléctricos puros,M1,2340,15.9,125,611,60
"Renault Nuevo Scenic E-Tech 100% eléctrico EV87 160 kW (220CV) gran autonomía (semi: EA3 M J1 B, EAL M J1 B, EA4 M J1 B)",,Eléctricos puros,M1,2441,16.4,160,844,87
"Renault Nuevo ZOE ZOE ZE - 100 kW R135 Batería 50kWh (semi: 3E3M MC 1LP,4E2M MC 1LP/ 4E3M MC 1LP)",,Eléctricos puros,M1,1988,17.7,100,402,50
Renault Nuevo ZOE ZOE ZE - 100 kW R135 Batería 50kWh (semi: E2M MC 1LP / E3M MC 1LP / INT B MC 1L / ZEN B MC 1L),,Eléctricos puros,M1,1988,16.9,100,402,50
Renault Nuevo ZOE ZOE ZE - 100 kW R135 Batería 50kWh (semi: INT B MC 1LP / ZEN B MC 1LP  INT C MC 1LP / INT C MC 1L),,Eléctricos puros,M1,1988,16.9,100,402,50
Renault Nuevo ZOE ZOE ZE - 100 kW R135 Batería 50kWh (semi:E2M MC 1LP/E3M MC 1LP/2E3M MC 1LP/INT B MC 1L/ ZEN B MC 1L),,Eléctricos puros,M1,1988,16.9,100,402,50
Renault Nuevo ZOE ZOE ZE - 80 kW R110 Batería 50kWh ( semi: E2M MD 1LP B2M MD 1LP / ZEN B MD 1L / ZEN B MD 1LP),,Eléctricos puros,M1,1988,16.9,80,402,50
"Renault Twingo E-TECH 100% eléctrico 2WE 60 kW  R80 Bateria 20kWh (semi: E3W A1E C1X, IMW A1E C1X, E3W A1E C1 X)",,Eléctricos puros,M1,1518,16,60,190,20
"Renault Twingo Electric 2WE ""60 kW  R80 Bateria 20kWh (semi: INTEA1E C1P , IMAEA1E C1P)""",,Eléctricos puros,M1,1518,16,60,190,20
"Renault Twingo Electric 2WE 60 kW  R80 Bateria 20kWh (semi: INTEA1E C1P , IMAEA1E C1P, E3H A1E C1 / VIH A1E C1)",,Eléctricos puros,M1,1518,16,60,190,20
"Renault Twingo Electric 2WE 60 kW R80 Bateria 20kWh (semi: E3H A1E C1 X, IMA2A1E C1 X)",,Eléctricos puros,M1,1518,16,60,190,20
"Renault ZOE E-TECH 100% eléctrico ZOE ZE - 100 kW R135 Batería 50kWh (semi: E1W MD 1LP,E2W MC 1LP,E3W MC 1LP)",,Eléctricos puros,M1,1988,17.7,100,402,50
Renault ZOE E-TECH 100% eléctrico ZOE ZE - 100 kW R135 Batería 50kWh (semi: E2M MC 1LP / E3M MC 1LP / INT B MC 1L / ZEN B MC 1L),,Eléctricos puros,M1,1988,17.7,100,402,50
Renault ZOE E-TECH 100% eléctrico ZOE ZE - 100 kW R135 Batería 50kWh (semi: INT B MC 1LP / ZEN B MC 1LP INT C MC 1LP / INT C MC 1L),,Eléctricos puros,M1,1988,16.9,100,402,50
Renault ZOE E-TECH 100% eléctrico ZOE ZE - 80 kW R110 Batería 40kWh ( semi: E1M MD 1NP / LIF B MD 1N / LIF B MD 1NP),,Eléctricos puros,M1,1976,16.9,80,316,40
"Renault ZOE E-TECH 100% eléctrico ZOE ZE - 80 kW R110 Batería 40kWh (semi: E1M MD 1NP,LIF B MD 1N,LIF B MD 1NP,4E1M MD 1NP,E1W MD 1NP)",,Eléctricos puros,M1,1976,16.9,80,316,40
Renault ZOE E-TECH 100% eléctrico ZOE ZE - 80 kW R110 Batería 50kWh ( semi: E2M MD 1LP B2M MD 1LP / ZEN B MD 1L / ZEN B MD 1LP),,Eléctricos puros,M1,1988,16.9,80,402,50
"Renault ZOE E-TECH 100% eléctrico ZOE ZE - 80 kW R110 Batería 50kWh (semi: 4B2M MD 1LP,4E2M MD 1LP,E2W MD 1LP)",,Eléctricos puros,M1,1988,16.9,80,402,50
Renault Zoe ZOE ZE - 100 kW R135 Batería 50kWh (semi: INT C MC 1LP / INT C MC 1L),,Eléctricos puros,M1,1988,17.7,100,402,50
SEAT Mii electric Mii electric 61kW,,Eléctricos puros,M1,1530,12.7,61,259,37
SEAT Mii electric Mii Electric 61kW (83CV) s48,,Eléctricos puros,M1,1530,12.8,61,255,37
SEAT Mii electric Mii electric Plus 61kW,,Eléctricos puros,M1,1530,12.7,61,259,37
SEAT Mii electric Mii Electric Plus 61kW (83CV) s48,,Eléctricos puros,M1,1530,12.8,61,255,37
Skoda Canarias Enyaq 50,,Eléctricos puros,M1,0,14.6,109,362,51
Skoda Canarias Enyaq 60,,Eléctricos puros,M1,0,16,132,396,58
Skoda Canarias Enyaq 80,,Eléctricos puros,M1,0,15.7,150,544,77
Skoda Canarias Enyaq 80X,,Eléctricos puros,M1,0,16.6,195,521,77
Skoda Canarias Enyaq 85,,Eléctricos puros,M1,0,14.9,210,564,77
Skoda Canarias Enyaq 85X,,Eléctricos puros,M1,0,15.9,210,537,77
Skoda Canarias Enyaq Coupé 60,,Eléctricos puros,M1,0,15.6,132,408,58
Skoda Canarias Enyaq Coupé 80,,Eléctricos puros,M1,0,15.5,150,545,77
Skoda Canarias Enyaq Coupé 80X,,Eléctricos puros,M1,0,16.4,195,525,77
Skoda Canarias Enyaq Coupé 85,,Eléctricos puros,M1,0,14.6,210,572,77
Skoda Canarias Enyaq Coupé 85X,,Eléctricos puros,M1,0,15.7,210,544,77
Skoda Canarias Enyaq Coupé RS,,Eléctricos puros,M1,0,16.7,220,508,77
Skoda Canarias Enyaq Coupé RS,,Eléctricos puros,M1,0,15.7,250,547,77
Skoda Canarias Enyaq Coupé Sportline 60,,Eléctricos puros,M1,0,16,132,402,58
Skoda Canarias Enyaq Coupé Sportline 80,,Eléctricos puros,M1,0,15.8,150,534,77
Skoda Canarias Enyaq Coupé Sportline 80X,,Eléctricos puros,M1,0,16.4,195,514,77
Skoda Canarias Enyaq Coupé Sportline 85,,Eléctricos puros,M1,0,15,210,561,77
Skoda Canarias Enyaq Coupé Sportline 85X,,Eléctricos puros,M1,0,16,210,534,77
Skoda Canarias Enyaq RS,,Eléctricos puros,M1,0,16.9,220,516,77
Skoda Canarias Enyaq RS,,Eléctricos puros,M1,0,15.9,250,541,77
Skoda Canarias Enyaq Sportline 60,,Eléctricos puros,M1,0,16.2,132,390,58
Skoda Canarias Enyaq Sportline 80,,Eléctricos puros,M1,0,16.1,150,533,77
Skoda Canarias Enyaq Sportline 80X,,Eléctricos puros,M1,0,17,195,510,77
Skoda Canarias Enyaq Sportline 85,,Eléctricos puros,M1,0,15.2,210,522,77
Skoda Canarias Enyaq Sportline 85X,,Eléctricos puros,M1,0,16.3,210,527,77
"SKODA CITIGO IV MY20 Bateria 36,8 kWh 61kW (83CV) Automatico 1 vel",,Eléctricos puros,M1,790,12.9,61,253,61
"SKODA CITIGO IV MY21 Bateria 36,8 kWh 61kW (83CV) Automatico 1 vel",,Eléctricos puros,M1,790,12.9,61,253,61
SKODA ENYAQ COUPÉ IV MY23 80 - 4x4 195 kW (265 CV) 82 kWh (77 kwh neta) (MTMA 2750),,Eléctricos puros,M1,2750,17.4,195,528,77
SKODA ENYAQ COUPÉ IV MY23 80 150 kW (204 CV) 82 kWh (77 kwh neta) (MTMA 2600),,Eléctricos puros,M1,2600,16.6,150,552,77
SKODA ENYAQ COUPÉ IV MY23 80 150 kW (204 CV) 82 kWh (77 kwh neta) (MTMA 2649),,Eléctricos puros,M1,2649,16.6,150,552,77
SKODA ENYAQ COUPÉ IV MY23 RS 220 kW (300 CV) 82 kWh (77 kwh neta) (MTMA 2750),,Eléctricos puros,M1,2750,17.5,220,523,77
SKODA ENYAQ COUPÉ IV MY23 Sportline 80 150 kW (204 CV) 82 kWh (77 kwh neta) (MTMA 2600),,Eléctricos puros,M1,2600,16.6,150,552,77
SKODA ENYAQ COUPÉ IV MY23 Sportline 80 150 kW (204 CV) 82 kWh (77 kwh neta) (MTMA 2649),,Eléctricos puros,M1,2649,16.6,150,552,77
SKODA ENYAQ COUPÉ MY24 60 132 kW (180 CV) 60 kWh (58 kwh neta) (MTMA 2510),,Eléctricos puros,M1,2510,15.7,132,408,58
SKODA ENYAQ COUPÉ MY24 85 - 4x4 210 kW (286 CV) 82 kWh (77 kwh neta) (MTMA 2750),,Eléctricos puros,M1,2750,15.7,210,545,77
SKODA ENYAQ COUPÉ MY24 85 210 kW (286 CV) 82 kWh (77 kwh neta) (MTMA 2650),,Eléctricos puros,M1,2650,14.6,210,573,77
SKODA ENYAQ COUPÉ MY24 RS 250 kW (341 CV) 82 kWh (77 kwh neta) (MTMA 2750),,Eléctricos puros,M1,2750,15.7,250,547,77
SKODA ENYAQ COUPÉ MY24 Sportline 85 210 kW (286 CV) 82 kWh (77 kwh neta) (MTMA 2650),,Eléctricos puros,M1,2650,15,210,561,77
"SKODA ENYAQ iV MY21 60 Bateria 58,3 kWh Electromotor 132 KW (180 CV) Automatico 1 vel",,Eléctricos puros,M1,3509,15.6,132,412,58
"SKODA ENYAQ iV MY21 80 Bateria 77,1 kWh Electromotor 150 KW (204 CV) Automatico 1 vel",,Eléctricos puros,M1,3612,16.6,150,535,77
SKODA ENYAQ IV MY23 60 132 kW (180 CV) 62 kWh (MTMA 2500),,Eléctricos puros,M1,2500,16.9,132,416,58
SKODA ENYAQ IV MY23 80 - 4x4 195 kW (265 CV) 82 kWh (77 kwh neta) (MTMA 2750),,Eléctricos puros,M1,2750,17.3,195,521,77
SKODA ENYAQ IV MY23 80 150 kW (204 CV) 82 kWh (77 kwh neta) (MTMA 2600),,Eléctricos puros,M1,2600,16.6,150,544,77
SKODA ENYAQ IV MY23 80 150 kW (204 CV) 82 kWh (77 kwh neta) (MTMA 2657),,Eléctricos puros,M1,2657,16.6,150,544,77
SKODA ENYAQ IV MY23 Sportline 80 150 kW (204 CV) 82 kWh (77 kwh neta) (MTMA 2600),,Eléctricos puros,M1,2600,16.6,150,544,77
SKODA ENYAQ IV MY23 Sportline 80 150 kW (204 CV) 82 kWh (77 kwh neta) (MTMA 2657),,Eléctricos puros,M1,2657,16.6,150,544,77
"SKODA ENYAQ MY22 60 Bateria 58,3 kWh Electromotor 132 KW (180 CV) Automatico 1 vel.",,Eléctricos puros,M1,3500,15.7,132,411,60
"SKODA ENYAQ MY22 80 Bateria 77,1 kWh Electromotor 150 KW (204 CV) Automatico 1 vel.",,Eléctricos puros,M1,3540,16.8,150,520,60
"SKODA ENYAQ MY22 80x Bateria 77,1 kWh Electromotor 195 KW (265 CV) Automatico 1 vel.",,Eléctricos puros,M1,3950,17.4,195,470,80
"SKODA ENYAQ MY22 Sportline 80 Bateria 77,1 kWh Electromotor 150 KW (204 CV) Automatico 1 vel.",,Eléctricos puros,M1,3540,17.1,150,520,80
"SKODA ENYAQ MY22 Sportline 80x Bateria 77,1 kWh Electromotor 195 KW (265 CV) Automatico 1 vel.",,Eléctricos puros,M1,3950,17.7,195,470,80
SKODA ENYAQ MY24 60 132 kW (180 CV) 60 kWh (58 kwh neta) (MTMA 2504),,Eléctricos puros,M1,2504,16.4,132,400,58
SKODA ENYAQ MY24 85 - 4x4 210 kW (286 CV) 82 kWh (77 kwh neta) (MTMA 2750),,Eléctricos puros,M1,2750,16.2,210,537,77
SKODA ENYAQ MY24 85 210 kW (286 CV) 82 kWh (77 kwh neta) (MTMA 2650),,Eléctricos puros,M1,2650,15.2,210,565,77
SKODA ENYAQ MY24 RS 250 kW (341 CV) 82 kWh (77 kwh neta) (MTMA 2750),,Eléctricos puros,M1,2750,16.1,250,541,77
SKODA ENYAQ MY24 Sportline 85 210 kW (286 CV) 82 kWh (77 kwh neta) (MTMA 2650),,Eléctricos puros,M1,2650,15.5,210,553,77
SKYWELL BE11  ,,Eléctricos puros,M1,,15.6,150,400,72
SKYWELL BE11 LR,,Eléctricos puros,M1,,15.6,150,477,86
smart #1 (HX11) BRABUS,,Eléctricos puros,M1,2325,18.2,315,400,66
smart #1 (HX11) Launch Edition,,Eléctricos puros,M1,2225,16.8,200,440,66
smart #1 (HX11) Premium,,Eléctricos puros,M1,2225,16.8,200,440,66
smart #1 (HX11) Pro,,Eléctricos puros,M1,2205,18.1,200,310,49
smart #1 (HX11) Pro+,,Eléctricos puros,M1,2213,17.4,200,420,66
smart #1 (HX11) Pulse,,Eléctricos puros,M1,2325,18.2,315,400,66
smart #3 (HC11) BRABUS,,Eléctricos puros,M1,2360,17.6,315,415,66
smart #3 (HC11) Edición 25 aniversario,,Eléctricos puros,M1,2260,16.3,200,455,66
smart #3 (HC11) Premium,,Eléctricos puros,M1,2260,16.3,200,455,66
smart #3 (HC11) Pro,,Eléctricos puros,M1,2199,17.2,200,325,49
smart #3 (HC11) Pro+,,Eléctricos puros,M1,2230,16.8,200,435,66
smart forfour EQ forfour (W453) ,,Eléctricos puros,M1,1570,19.4,60,120,17.6
smart fortwo EQ fortwo (C453) ,,Eléctricos puros,M1,1310,18.6,60,125,17.6
smart fortwo EQ fortwo cabrio (A453) ,,Eléctricos puros,M1,1340,18.9,60,123,17.6
SsangYong KORANDO E-MOTION URBAN,,Eléctricos puros,M1,2250,16.8,140,339,61
Subaru SOLTERRA TOURING,,Eléctricos puros,M1,2550,18,160,414,71.4
Subaru SOLTERRA TREK,,Eléctricos puros,M1,2550,16.1,160,465,71
TESLA  Model X Gran autonomía,,Eléctricos puros,M1,3040,21.5,421,561,100
TESLA  Model X Gran autonomía,,Eléctricos puros,M1,3040,21.5,421,561,100
TESLA  Model X Gran autonomía,,Eléctricos puros,M1,3040,21.5,421,561,100
TESLA  Model X Performance,,Eléctricos puros,M1,3087,22.1,599,548,100
TESLA  Model X Performance,,Eléctricos puros,M1,3087,22.1,599,548,100
TESLA  Model X Performance,,Eléctricos puros,M1,3087,22.1,599,548,100
TESLA Model 3 Autonomía estándar plus,,Eléctricos puros,M1,2139,14.2,239,448,50
TESLA Model 3 Gran autonomía - 580km,,Eléctricos puros,M1,2232,14.8,366,580,74
TESLA Model 3 Gran autonomía - 602km,,Eléctricos puros,M1,2232,14.7,366,602,74
TESLA Model 3 Gran autonomía - 614km,,Eléctricos puros,M1,2232,14.7,366,614,74
TESLA Model 3 Highland Gran Autonomía,,Eléctricos puros,M1,2263,14,366,629,77
TESLA Model 3 Highland Tracción Trasera,,Eléctricos puros,M1,2200,13.2,208,513,60
TESLA Model 3 Performance,,Eléctricos puros,M1,2232,16.5,377,567,74
TESLA Model 3 Performance - 559km,,Eléctricos puros,M1,2232,16.5,377,559,74
TESLA Model 3 Tracción trasera,,Eléctricos puros,M1,2139,14.4,239,491,50
TESLA Model 3 Tracción Trasera - Gran Autonomía,,Eléctricos puros,M1,2139,13.8,208,638,74
TESLA Model S Gran autonomía,,Eléctricos puros,M1,2574,18.5,421,652,100
TESLA Model S Performance,,Eléctricos puros,M1,2626,19,599,639,100
TESLA Model Y Gran autonomía,,Eléctricos puros,M1,2371,16.9,378,542,74
TESLA Model Y Performance,,Eléctricos puros,M1,2371,17.3,393,514,74
TESLA Model Y Tracción trasera,,Eléctricos puros,M1,2549,15.7,220,455,50
TESLA Model Y Tracción trasera - Gran Autonomía,,Eléctricos puros,M1,2423,14.9,255,600,77
Toyota BZ4X 4x2 Eco/Advance/Style/Style plus (MY22),,Eléctricos puros,M1,2465,14,150,516,71.4
Toyota BZ4X 4x4 Eco/Advance/Style/Style plus/Luxury (MY22),,Eléctricos puros,M1,2550,16,160,470,71.4
Toyota Canarias PROACE CITY VERSO EV L1 50 kWh BASALTO,,Eléctricos puros,M1,3040,19.5,100,258,50
Toyota Canarias PROACE CITY VERSO EV L1 50 kWh OLIVINA,,Eléctricos puros,M1,3040,19.7,100,258,50
Toyota Canarias PROACE CITY VERSO EV L1 50 kWh ÓPALO,,Eléctricos puros,M1,3040,19.4,100,258,50
Toyota Canarias PROACE CITY VERSO EV L2 50 kWh BASALTO,,Eléctricos puros,M1,3070,20,100,258,50
Toyota Canarias PROACE CITY VERSO EV L2 50 kWh OLIVINA 7Plazas,,Eléctricos puros,M1,3190,21.1,100,258,50
Toyota Canarias PROACE CITY VERSO EV L2 50kWh  ÓPALO,,Eléctricos puros,M1,3070,19.9,100,258,50
Toyota Canarias PROACE CITY VERSO EV L2 50kWh ÓPALO 7 Plazas,,Eléctricos puros,M1,3190,20.9,100,258,50
Toyota Canarias PROACE VERSO EV L1 EV 50kWh Ópalo,,Eléctricos puros,M1,4015,25.7,100,230,50
Toyota Canarias PROACE VERSO EV L1 EV 75kWh Olivina,,Eléctricos puros,M1,4100,26.9,100,330,75
Toyota Canarias PROACE VERSO EV L2 EV 75kWh Olivina,,Eléctricos puros,M1,4100,27.1,100,330,75
Toyota PROACE CITY VERSO EV Combi larga GX/VX 50 kWh (MY22),,Eléctricos puros,M1,2320,19,100,293,50
Toyota PROACE CITY VERSO EV Combi larga Gx/Vx 50 kWh (RC22),,Eléctricos puros,M1,2320,19,100,293,50
Toyota PROACE CITY VERSO EV Combi larga VX 50 kWh (MY22),,Eléctricos puros,M1,2440,19,100,293,50
Toyota PROACE CITY VERSO EV Combi larga Vx 50 kWh (RC22),,Eléctricos puros,M1,2440,19,100,293,50
Toyota PROACE CITY VERSO EV Combi media GX/VX 50 kWh (MY22),,Eléctricos puros,M1,2290,19,100,293,50
Toyota PROACE CITY VERSO EV Combi media Gx/Vx 50 kWh (RC22),,Eléctricos puros,M1,2290,19,100,293,50
Toyota PROACE CITY VERSO EV Family larga Active 50 kWh (MY22),,Eléctricos puros,M1,2440,19,100,293,50
Toyota PROACE CITY VERSO EV Family larga Active 50 kWh (RC22),,Eléctricos puros,M1,2440,19,100,293,50
Toyota PROACE CITY VERSO EV Family media Active/Advance 50 kWh (MY22),,Eléctricos puros,M1,2290,19,100,293,50
Toyota PROACE CITY VERSO EV Family media Active/Advance 50 kWh (RC22),,Eléctricos puros,M1,2290,19,100,293,50
Toyota PROACE VERSO EV Combi media Gx 50 kWh (MY23),,Eléctricos puros,M1,3015,23,100,238,50
Toyota PROACE VERSO EV Combi media Gx 50 kWh (RC22),,Eléctricos puros,M1,2950,23,100,238,50
Toyota PROACE VERSO EV Combi media GX 75 kWh (MY22),,Eléctricos puros,M1,3100,25,100,339,75
Toyota PROACE VERSO EV Combi media Gx 75 kWh (MY23),,Eléctricos puros,M1,3100,25,100,339,75
Toyota PROACE VERSO EV Combi media Gx 75 kWh (RC22),,Eléctricos puros,M1,3100,25,100,339,75
Toyota PROACE VERSO EV Combi media GX/VX 50 kWh (MY22),,Eléctricos puros,M1,3015,23,100,238,50
Toyota PROACE VERSO EV Combi medio GX 50kW (MY21),,Eléctricos puros,M1,3015,23,100,238,50
Toyota PROACE VERSO EV Family larga Advance 75 kWh (MY22),,Eléctricos puros,M1,3100,25,100,339,75
Toyota PROACE VERSO EV Family larga Advance 75 kWh (MY23),,Eléctricos puros,M1,3100,25,100,339,75
Toyota PROACE VERSO EV Family larga Advance 75 kWh (RC22),,Eléctricos puros,M1,3100,25,100,339,75
Toyota PROACE VERSO EV Family largo Advance 75kW (MY21),,Eléctricos puros,M1,3100,25,100,339,75
Toyota PROACE VERSO EV Family media Advance 50 kWh (MY22),,Eléctricos puros,M1,2950,23,100,238,50
Toyota PROACE VERSO EV Family media Advance 50 kWh (RC22),,Eléctricos puros,M1,2950,23,100,238,50
Toyota PROACE VERSO EV Family media Advance 75 kWh (MY22),,Eléctricos puros,M1,3100,25,100,339,75
Toyota PROACE VERSO EV Family media Advance/Advance plus 75 kWh (RC22),,Eléctricos puros,M1,3100,25,100,339,75
Toyota PROACE VERSO EV Family medio Advance 50kW (MY21),,Eléctricos puros,M1,2950,23,100,238,50
Toyota PROACE VERSO EV Family medio Advance/Advance plus 75kW (MY21),,Eléctricos puros,M1,3100,25,100,339,75
Toyota PROACE VERSO EV Shuttle larga VX 50 kWh (MY22),,Eléctricos puros,M1,3030,23,100,238,50
Toyota PROACE VERSO EV Shuttle larga Vx 50 kWh (MY23),,Eléctricos puros,M1,3030,23,100,238,50
Toyota PROACE VERSO EV Shuttle larga Vx 50 kWh (RC22),,Eléctricos puros,M1,2965,23,100,238,50
Toyota PROACE VERSO EV Shuttle larga VX 75 kWh (MY22),,Eléctricos puros,M1,3100,25,100,339,75
Toyota PROACE VERSO EV Shuttle larga Vx 75 kWh (MY23),,Eléctricos puros,M1,3100,25,100,339,75
Toyota PROACE VERSO EV Shuttle larga VX Plus 75 kWh (MY22),,Eléctricos puros,M1,3100,25,100,339,75
Toyota PROACE VERSO EV Shuttle larga Vx plus 75 kWh (MY23),,Eléctricos puros,M1,3100,25,100,339,75
Toyota PROACE VERSO EV Shuttle larga Vx/Vx plus 75 kWh (RC22),,Eléctricos puros,M1,3100,25,100,339,75
Toyota PROACE VERSO EV Shuttle largo VX 50kW (MY21),,Eléctricos puros,M1,3030,23,100,238,50
Toyota PROACE VERSO EV Shuttle largo VX 75kW (MY21),,Eléctricos puros,M1,3100,25,100,339,75
Toyota PROACE VERSO EV Shuttle media Advance 50 kWh (MY23),,Eléctricos puros,M1,2950,23,100,238,50
Toyota PROACE VERSO EV Shuttle media Advance 75 kWh (MY23),,Eléctricos puros,M1,3100,25,100,339,75
Toyota PROACE VERSO EV Shuttle media Vx 50 kWh (MY23),,Eléctricos puros,M1,3015,23,100,238,50
Toyota PROACE VERSO EV Shuttle media Vx 50 kWh (RC22),,Eléctricos puros,M1,2950,23,100,238,50
Toyota PROACE VERSO EV Shuttle media VX 75 kWh (MY22),,Eléctricos puros,M1,3100,25,100,339,75
Toyota PROACE VERSO EV Shuttle media Vx 75 kWh (MY23),,Eléctricos puros,M1,3100,25,100,339,75
Toyota PROACE VERSO EV Shuttle media Vx 75 kWh (RC22),,Eléctricos puros,M1,3100,25,100,339,75
Toyota PROACE VERSO EV Shuttle medio VX 50kW (MY21),,Eléctricos puros,M1,3015,23,100,238,50
Toyota PROACE VERSO EV Shuttle medio VX 75kW (MY21),,Eléctricos puros,M1,3100,25,100,339,75
Toyota PROACE VERSO EV Vip larga Luxury 75 kWh (MY22),,Eléctricos puros,M1,3065,25,100,339,75
Toyota PROACE VERSO EV Vip larga Luxury 75 kWh (RC22),,Eléctricos puros,M1,3065,25,100,339,75
Toyota PROACE VERSO EV Vip media Luxury 75 kWh (MY22),,Eléctricos puros,M1,3060,25,100,339,75
Toyota PROACE VERSO EV Vip media Luxury 75 kWh (MY23),,Eléctricos puros,M1,3060,25,100,339,75
Toyota PROACE VERSO EV Vip media Luxury 75 kWh (RC22),,Eléctricos puros,M1,3060,25,100,339,75
Volkswagen Canarias e-Golf e-Golf 100 kW (136 CV) DSG6,,Eléctricos puros,M1,1638,12.7,100,,
Volkswagen Canarias e-up! e-up! 83 CV (61kW),,Eléctricos puros,M1,1247,14.5,61,,
Volkswagen Canarias ID.3 1st 150 kW (204CV),,Eléctricos puros,M1,2260,15.5,150,424,62
Volkswagen Canarias ID.3 1st Max 150 kW (204 CV),,Eléctricos puros,M1,2260,15.7,150,410,62
Volkswagen Canarias ID.3 1st Plus 150 kW (204 CV),,Eléctricos puros,M1,2260,16.1,150,419,62
Volkswagen Canarias ID.3 Pro 110kW (147CV),,Eléctricos puros,M1,2260,15.5,107,421,62
Volkswagen Canarias ID.3 Pro Power 110kW (147CV),,Eléctricos puros,M1,2260,15.6,150,421,62
Volkswagen Canarias ID.3 Pro S,,Eléctricos puros,M1,2260,16,150,547,77
Volkswagen Canarias ID.3 Pro S 150kW (204 CV),,Eléctricos puros,M1,2260,16.2,150,547,82
Volkswagen Canarias ID.3 Pure Power 110kW (147CV),,Eléctricos puros,M1,2260,15,110,350,48
Volkswagen Canarias ID.4 1st,,Eléctricos puros,M1,2660,18,150,475,77
Volkswagen Canarias ID.4 1st 150kW (204 CV),,Eléctricos puros,M1,2660,18,150,475,77
Volkswagen Canarias ID.4 1st Max,,Eléctricos puros,M1,2660,18,150,500,77
Volkswagen Canarias ID.4 1st Max 150kW (204 CV),,Eléctricos puros,M1,2660,18.3,150,500,77
Volkswagen Canarias ID.4 Pro  77 kWh 128 kW (174CV),,Eléctricos puros,M1,2660,17.2,128,514,77
Volkswagen Canarias ID.4 Pro Life  77 kWh 128 kW (174CV),,Eléctricos puros,M1,2660,17.2,128,514,77
Volkswagen Canarias ID.4 Pro Power 150kW (204 CV),,Eléctricos puros,M1,2660,17.3,150,520,77
Volkswagen Canarias ID.4 Pro Power 77 kWh 150kW,,Eléctricos puros,M1,2660,18.3,150,518,77
Volkswagen Canarias ID.4 Pro Power Business  150kW (204 CV),,Eléctricos puros,M1,2660,18,150,518,77
Volkswagen Canarias ID.4 Pro Power Life  77 kWh 150 kW (204CV),,Eléctricos puros,M1,2660,17.2,150,514,77
Volkswagen Canarias ID.4 Pure 109kW (147 CV),,Eléctricos puros,M1,2660,16.8,150,343,52
Volkswagen Canarias ID.4 Pure 52 kWh 109kW,,Eléctricos puros,M1,2660,16.8,150,343,52
Volkswagen Canarias ID.5 Pro  77 kWh 128 kW (174CV),,Eléctricos puros,M1,2660,17.2,128,514,77
Volkswagen Canarias ID.5 Pro Power 77 kWh 150 kW (204CV),,Eléctricos puros,M1,2660,17.2,150,490,77
Volkswagen Turismos e-Up MY20 e-up! 61 KW (83 CV) Automático 1 vel.,,Eléctricos puros,M1,1530,12.7,61,260,36.8
Volkswagen Turismos e-Up MY20 e-up! Style 61 KW (83 CV) Automático 1 vel.,,Eléctricos puros,M1,1530,12.7,61,260,36.8
Volkswagen Turismos e-Up MY21 e-up! 61 KW (83 CV) Automático 1 vel.,,Eléctricos puros,M1,1530,12.7,61,260,36.8
Volkswagen Turismos e-Up MY21 e-up! Style 61 KW (83 CV) Automático 1 vel.,,Eléctricos puros,M1,1530,12.7,61,260,36.8
Volkswagen Turismos Golf 7 MY20 e-Golf ePower 100kW (136CV),,Eléctricos puros,M1,1720,13.2,100,300,35.8
Volkswagen Turismos ID.3 MY20 ID.3 1st Max 150 kW (204 CV),,Eléctricos puros,M1,1719,16,150,420,58
Volkswagen Turismos ID.3 MY20 ID.3 1st plus 150 kW (204 CV),,Eléctricos puros,M1,1719,15.7,150,420,58
Volkswagen Turismos ID.3 MY21  ID.3 Pro S 150 kW (204 CV) Aut 1 Vel,,Eléctricos puros,M1,1719,15.9,150,549,77
Volkswagen Turismos ID.3 MY21  ID.3 Tour 150 kW (204 CV) Aut 1 Vel,,Eléctricos puros,M1,1719,16.2,150,542,77
Volkswagen Turismos ID.3 MY21 ID.3 Business 150 kW (204 CV) Aut 1 Vel,,Eléctricos puros,M1,1719,15.6,150,420,58
Volkswagen Turismos ID.3 MY21 ID.3 Life 150 kW (204 CV) Aut 1 Vel,,Eléctricos puros,M1,1719,15.5,150,420,58
Volkswagen Turismos ID.3 MY21 ID.3 Max 150 kW (204 CV) Aut 1 Vel,,Eléctricos puros,M1,1719,15.9,150,420,58
Volkswagen Turismos ID.3 MY21 ID.3 Pro 107 kW (145 CV) Aut 1 Vel,,Eléctricos puros,M1,2270,15.5,107,425,58
Volkswagen Turismos ID.3 MY21 ID.3 Pro Business 107 kW (145 CV) Aut 1 Vel,,Eléctricos puros,M1,2270,15.6,107,422,58
Volkswagen Turismos ID.3 MY21 ID.3 Pro Life 107 kW (145 CV) Aut 1 Vel,,Eléctricos puros,M1,2270,15.5,107,425,58
Volkswagen Turismos ID.3 MY21 ID.3 Pro Performance 150 kW (204 CV) Aut 1 Vel,,Eléctricos puros,M1,2270,15.5,150,425,58
Volkswagen Turismos ID.3 MY21 ID.3 Pro Performance Business 150 kW (204 CV) Aut 1 Vel,,Eléctricos puros,M1,2270,15.6,150,422,58
Volkswagen Turismos ID.3 MY21 ID.3 Pro Performance Life 150 kW (204 CV) Aut 1 Vel,,Eléctricos puros,M1,2270,15.5,150,425,58
Volkswagen Turismos ID.3 MY21 ID.3 Pro Performance Max 150 kW (204 CV) Aut 1 Vel,,Eléctricos puros,M1,2270,15.9,150,415,58
Volkswagen Turismos ID.3 MY21 ID.3 Pure Performance 110 kW (150 CV) Aut 1 Vel,,Eléctricos puros,M1,2240,15,110,348,45
Volkswagen Turismos ID.3 MY21 ID.3 Pure Performance City 110 kW (150 CV) Aut 1 Vel,,Eléctricos puros,M1,2240,15,110,348,45
Volkswagen Turismos ID.3 MY21 ID.3 Pure Performance Style 110 kW (150 CV) Aut 1 Vel,,Eléctricos puros,M1,2240,15.1,110,345,45
Volkswagen Turismos ID.3 MY21 ID.3 Style 150 kW (204 CV) Aut 1 Vel,,Eléctricos puros,M1,1719,15.6,150,420,58
Volkswagen Turismos ID.3 MY22 ID.3 Life 150 kW (204 CV) Automatico 1 vel.,,Eléctricos puros,M1,2270,15.6,150,415,58
Volkswagen Turismos ID.3 MY22 ID.3 Pro 107 kW (145 CV) Automatico 1 vel.,,Eléctricos puros,M1,2270,15.6,107,423,58
Volkswagen Turismos ID.3 MY22 ID.3 Pro Performance 150 kW (204 CV) Automatico 1 vel.,,Eléctricos puros,M1,2270,15.6,150,423,58
Volkswagen Turismos ID.3 MY22 ID.3 Pro S 150 kW (204 CV) 77 kWh Automatico 1 vel.,,Eléctricos puros,M1,2270,15.7,150,481,77
Volkswagen Turismos ID.3 MY22 ID.3 Pure Performance 110 kW (150 CV) Automatico 1 vel.,,Eléctricos puros,M1,2270,15.1,110,347,45
Volkswagen Turismos ID.3 MY23 ID. 3 Pro Life - 150 (204),,Eléctricos puros,M1,2480,15.3,150,425,58
Volkswagen Turismos ID.3 MY23 ID.3 Life 150 kW (204 CV) Automatico 1 vel.,,Eléctricos puros,M1,2270,15.3,150,425,58
Volkswagen Turismos ID.3 MY23 ID.3 Pro - 107 (145),,Eléctricos puros,M1,2480,15.6,107,423,58
Volkswagen Turismos ID.3 MY23 ID.3 Pro Performance - 150 (204),,Eléctricos puros,M1,2480,15.6,150,423,58
Volkswagen Turismos ID.3 MY23 ID.3 Pro S - 150 (204),,Eléctricos puros,M1,2480,15.7,150,551,77
Volkswagen Turismos ID.3 MY23 ID.3 Pro S Life 150 kW (204 CV) 77 kWh Automatico 1 vel.,,Eléctricos puros,M1,2270,15.4,150,556,77
Volkswagen Turismos ID.3 MY23 ID.3 Pure Performance -110 (150),,Eléctricos puros,M1,2480,15.1,110,347,45
Volkswagen Turismos ID.3 MY24 ID.3 Pro - 150 (204),,Eléctricos puros,M1,2280,14.9,150,428,58
Volkswagen Turismos ID.3 MY24 ID.3 Pro MÁS - 150 (204),,Eléctricos puros,M1,2280,15,150,559,77
Volkswagen Turismos ID.3 MY24 ID.3 Pro S - 150 (204),,Eléctricos puros,M1,2290,14.9,150,428,58
Volkswagen Turismos ID.3 MY24 ID.3 Pro S Más - 150 (204),,Eléctricos puros,M1,2290,15.2,150,559,77
Volkswagen Turismos ID.3 PA MY23 ID.3 PA Pro 150 kW (204 CV) 58 kWh Automático 1 vel.,,Eléctricos puros,M1,2270,15.2,150,428,58
Volkswagen Turismos ID.3 PA MY23 ID.3 PA Pro S 150 kW (204 CV) 77 kWh Automático 1 vel.,,Eléctricos puros,M1,2270,15.3,150,559,77
Volkswagen Turismos ID.3 Pro 150 kw (204 CV) 58 kwh Automático 1 vel. [2024],,Eléctricos puros,M1,2480,15.3,150,425,58
Volkswagen Turismos ID.4 MY21 ID.4 1st 150 kW (204 CV),,Eléctricos puros,M1,1719,18,150,501,82
Volkswagen Turismos ID.4 MY21 ID.4 1st Max 150 kW (204 CV),,Eléctricos puros,M1,1719,18.3,150,493,82
Volkswagen Turismos ID.4 MY21 ID.4 Pro Performance 150 kW (204 CV),,Eléctricos puros,M1,2660,17.2,150,521,82
Volkswagen Turismos ID.4 MY21 ID.4 Pro Performance Business 150 kW (204 CV),,Eléctricos puros,M1,2660,17.3,150,518,82
Volkswagen Turismos ID.4 MY21 ID.4 Pro Performance Life 150 kW (204 CV),,Eléctricos puros,M1,2660,17.3,150,520,82
Volkswagen Turismos ID.4 MY21 ID.4 Pro Performance Max 150 kW (204 CV),,Eléctricos puros,M1,2660,17.8,150,506,82
Volkswagen Turismos ID.4 MY21 ID.4 Pure 109 kW (149 CV),,Eléctricos puros,M1,2480,16.8,109,344,55
Volkswagen Turismos ID.4 MY21 ID.4 Pure City 109 kW (149 CV),,Eléctricos puros,M1,2480,16.8,109,344,55
Volkswagen Turismos ID.4 MY21 ID.4 Pure Performance 125 kW (170 CV),,Eléctricos puros,M1,2480,16.8,125,344,55
Volkswagen Turismos ID.4 MY21 ID.4 Pure Performance City 125 kW (170 CV),,Eléctricos puros,M1,2480,16.8,125,344,55
Volkswagen Turismos ID.4 MY21 ID.4 Pure Performance Style 125 kW (170 CV),,Eléctricos puros,M1,2480,17,125,341,55
Volkswagen Turismos ID.4 MY21 ID.4 Pure Style 109 kW (149 CV),,Eléctricos puros,M1,2480,17,109,341,55
Volkswagen Turismos ID.4 MY22 ID.4 1st 150 kW (204 CV) Automatico 1 vel.,,Eléctricos puros,M1,2480,17.4,150,518,77
Volkswagen Turismos ID.4 MY22 ID.4 GTX 220 kW (299 CV) Automatico 1 vel.,,Eléctricos puros,M1,2480,18.2,220,481,77
Volkswagen Turismos ID.4 MY22 ID.4 Pro 128 kW (174 CV) Automatico 1 vel.,,Eléctricos puros,M1,2480,17.1,128,511,77
Volkswagen Turismos ID.4 MY22 ID.4 Pro Performance 150 kW (204 CV) Automatico 1 vel.,,Eléctricos puros,M1,2480,17.2,150,514,77
Volkswagen Turismos ID.4 MY22 ID.4 Pure 109 kW (149 CV) Automatico 1 vel.,,Eléctricos puros,M1,2480,16.8,109,344,52
Volkswagen Turismos ID.4 MY22 ID.4 Pure Performance 125 kW (170 CV) Automatico 1 vel.,,Eléctricos puros,M1,2480,16.8,125,344,52
Volkswagen Turismos ID.4 MY23 ID.4 GTX - 220 (299),,Eléctricos puros,M1,2480,17.6,220,499,77
Volkswagen Turismos ID.4 MY23 ID.4 Pro 128 kW (174 CV) Automatico 1 vel.,,Eléctricos puros,M1,2480,16.5,128,531,77
Volkswagen Turismos ID.4 MY23 ID.4 Pro Performance 150kw (204 CV) 77kWh Automático 1 vel.,,Eléctricos puros,M1,2480,16.5,150,531,77
Volkswagen Turismos ID.4 MY23 ID.4 Pure  - 109 (149),,Eléctricos puros,M1,2480,16.2,109,360,52
Volkswagen Turismos ID.4 MY23 ID.4 Pure Performance 125 (170),,Eléctricos puros,M1,2480,16.2,125,360,52
Volkswagen Turismos ID.4 MY24 ID.4 GTX - 220 (299),,Eléctricos puros,M1,2480,17.6,220,501,77
Volkswagen Turismos ID.4 MY24 ID.4 GTX - 250 (340),,Eléctricos puros,M1,2480,17.1,210,515,77
Volkswagen Turismos ID.4 MY24 ID.4 Pro - 210 (286),,Eléctricos puros,M1,2480,16,210,549,77
Volkswagen Turismos ID.4 MY24 ID.4 Pro 4Motion - 210 (286),,Eléctricos puros,M1,2480,16.5,210,530,77
Volkswagen Turismos ID.4 MY24 ID.4 Pro 4Motion Más - 210 (286),,Eléctricos puros,M1,2480,16.8,210,523,77
Volkswagen Turismos ID.4 MY24 ID.4 Pro Más - 210 (286),,Eléctricos puros,M1,2480,16.3,210,542,77
Volkswagen Turismos ID.4 MY24 ID.4 Pure - 109 (149),,Eléctricos puros,M1,2480,16.2,109,360,52
Volkswagen Turismos ID.4 MY24 ID.4 Pure Performance 125 (170),,Eléctricos puros,M1,2480,16.2,125,361,52
Volkswagen Turismos ID.5 MY22 ID.5 GTX 220kW (299 CV) Automático 1 vel.,,Eléctricos puros,M1,2750,17,220,490,77
Volkswagen Turismos ID.5 MY22 ID.5 Pro 128kW (174 CV) Automático 1 vel.,,Eléctricos puros,M1,2650,17,128,514,77
Volkswagen Turismos ID.5 MY22 ID.5 Pro Performance 150kW (204 CV) Automático 1 vel.,,Eléctricos puros,M1,2650,17,150,514,77
Volkswagen Turismos ID.5 MY23 ID.5 GTX 220kW (299 CV) Automático 1 vel.,,Eléctricos puros,M1,2750,17.1,220,512,77
Volkswagen Turismos ID.5 MY23 ID.5 Pro 128kW (174 CV) Automático 1 vel.,,Eléctricos puros,M1,2650,16.4,128,534,77
Volkswagen Turismos ID.5 MY23 ID.5 Pro Performance 150kW (204 CV) Automático 1 vel.,,Eléctricos puros,M1,2650,16.4,150,534,77
Volkswagen Turismos ID.5 MY24 ID.5 GTX 220kW (299 CV) Automático 1 vel.,,Eléctricos puros,M1,2750,17.1,220,516,77
Volkswagen Turismos ID.5 MY24 ID.5 GTX 250 (340),,Eléctricos puros,M1,2750,16.4,220,533,77
Volkswagen Turismos ID.5 MY24 ID.5 Pro 128kW (174 CV) Automático 1 vel.,,Eléctricos puros,M1,2650,16.4,128,534,77
Volkswagen Turismos ID.5 MY24 ID.5 Pro 210 (286),,Eléctricos puros,M1,2650,15.8,150,556,77
Volkswagen Turismos ID.5 MY24 ID.5 Pro Más 210 (286),,Eléctricos puros,M1,2650,16,150,551,77
Volkswagen Turismos ID.5 MY24 ID.5 Pro Performance 150kW (204 CV) Automático 1 vel.,,Eléctricos puros,M1,2650,16.4,150,534,77
Volkswagen Turismos ID.7 MY24 ID.7 Pro Más 210 (286),,Eléctricos puros,M1,2630,14.1,210,620,77
Volkswagen Vehículos Comerciales ID. Buzz 1st Edition,,Eléctricos puros,M1,3000,21.3,150,410,77
Volkswagen Vehículos Comerciales ID. Buzz Pro,,Eléctricos puros,M1,3000,20.8,150,418,77
"Volvo C40 Recharge Eléctrico Puro Twin , Plus, Ultimate, AWD, MY23",,Eléctricos puros,M1,2620,20.7,300,444,69
"Volvo C40 Recharge Eléctrico Puro, Core, Plus, Ultimate, FWD, MY23",,Eléctricos puros,M1,2470,18.2,170,434,69
"Volvo C40 Recharge Twin Eléctrico Puro, Pro, Plus, AWD, MY22",,Eléctricos puros,M1,2600,18.9,300,501,78
"Volvo C40 Single Motor Extended Range RWD, Core, Plus, Ultimate, MY24",,Eléctricos puros,M1,2500,15.9,185,540,82
"Volvo C40 Single Motor RWD, Plus, Ultimate, MY24",,Eléctricos puros,M1,2460,16.8,177,468,69
"Volvo C40 Twin Motor eAWD, Plus, Ultimate, MY24",,Eléctricos puros,M1,2620,17,290,510,82
"Volvo EX30 Single Motor Extended Range RWD, Core, Plus, Ultra, MY24",,Eléctricos puros,M1,2240,17.5,200,462,69
"Volvo EX30 Single Motor RWD, Core, Plus, Ultra, MY24",,Eléctricos puros,M1,2210,18.5,200,327,51
"Volvo EX30 Twin Motor Performance AWD, Plus, Ultra, MY24",,Eléctricos puros,M1,2335,17.3,315,445,69
"Volvo EX90 Twin Motor eAWD, Aut. MY24",,Eléctricos puros,M1,3380,20.9,304,585,111
"Volvo EX90 Twin Motor Performance eAWD, Aut. MY24",,Eléctricos puros,M1,3380,21.1,385,580,111
"Volvo XC40 (EF) Recharge Eléctrico Puro, Core, Plus, Ultimate, FWD, MY23",,Eléctricos puros,M1,2480,18.7,170,423,69
"Volvo XC40 Recharge Eléctrico Puro Twin, Plus, Ultimate, AWD, MY23",,Eléctricos puros,M1,2480,23.8,300,418,69
"Volvo XC40 Recharge Eléctrico Puro, Pro, Plus, Base, FWD, MY22 P6",,Eléctricos puros,M1,2480,18.1,170,435,69
"Volvo XC40 Recharge Twin Eléctrico Puro, Pro, Plus,AWD, MY22",,Eléctricos puros,M1,2650,23.8,300,418,78
"Volvo XC40 Single Motor Extended Range RWD, Core, Plus, Ultimate, MY24",,Eléctricos puros,M1,2520,16.1,185,520,82
"Volvo XC40 Single Motor RWD, Core, Plus, MY24",,Eléctricos puros,M1,2470,16.1,175,435,69
"Volvo XC40 Twin Motor eAWD, Plus, Ultimate, MY24",,Eléctricos puros,M1,2650,17,300,485,82
YANGZHOU AUDA NEW ENERGY VEHICLES CO. LTD IEV7S B,,Eléctricos puros,M1,2870,5.7,55,300,48.6
YANGZHOU AUDA NEW ENERGY VEHICLES CO. LTD LITE-ev1013 Elec,,Eléctricos puros,M1,2300,4.8,36,260,33.9
YUDO YUDO 3 ELECTRÍCA,,Eléctricos puros,M1,1685,14.8,70,325,41.7
ZHIDOU  d2s 0,,Eléctricos puros,M1,1000,148.2,36,120,17
ZHIDOU  d2s 1,,Eléctricos puros,M1,1000,162,36,212,27
